-- phpMyAdmin SQL Dump
-- version 4.5.4.1deb2ubuntu2
-- http://www.phpmyadmin.net
--
-- Client :  localhost
-- Généré le :  Lun 29 Mai 2017 à 16:51
-- Version du serveur :  5.7.18-0ubuntu0.16.04.1
-- Version de PHP :  7.0.15-0ubuntu0.16.04.4

SET SQL_MODE = "NO_AUTO_VALUE_ON_ZERO";
SET time_zone = "+00:00";


/*!40101 SET @OLD_CHARACTER_SET_CLIENT=@@CHARACTER_SET_CLIENT */;
/*!40101 SET @OLD_CHARACTER_SET_RESULTS=@@CHARACTER_SET_RESULTS */;
/*!40101 SET @OLD_COLLATION_CONNECTION=@@COLLATION_CONNECTION */;
/*!40101 SET NAMES utf8mb4 */;

--
-- Base de données :  `isen_lab`
--

-- --------------------------------------------------------

--
-- Structure de la table `ALERT`
--

CREATE TABLE `ALERT` (
  `ID_ALERT` int(11) NOT NULL,
  `ID_ROOM` int(11) DEFAULT NULL,
  `MAIL_USER` varchar(50) DEFAULT NULL,
  `DTIME` datetime NOT NULL,
  `DETAIL` varchar(80) DEFAULT NULL
) ENGINE=InnoDB DEFAULT CHARSET=latin1;

--
-- Contenu de la table `ALERT`
--

INSERT INTO `ALERT` (`ID_ALERT`, `ID_ROOM`, `MAIL_USER`, `DTIME`, `DETAIL`) VALUES
(3, 1, 'Chuck.Norris@isen-ouest.yncrea.fr', '2017-05-24 08:56:40', ' La temperature est trop élevée ! (413°C)'),
(4, 1, 'Chuck.Norris@isen-ouest.yncrea.fr', '2017-05-24 08:57:40', ' Le taux de CO2 est dangereusement haut ! (1137ppm)'),
(5, 1, 'Chuck.Norris@isen-ouest.yncrea.fr', '2017-05-24 08:57:40', ' La temperature est trop élevée ! (413°C)'),
(6, 1, 'Chuck.Norris@isen-ouest.yncrea.fr', '2017-05-24 09:00:40', ' La temperature est trop élevée ! (413°C)'),
(7, 1, 'Chuck.Norris@isen-ouest.yncrea.fr', '2017-05-24 09:06:40', ' Le taux de CO2 est dangereusement haut ! (1081ppm)'),
(8, 1, 'Chuck.Norris@isen-ouest.yncrea.fr', '2017-05-24 09:06:40', ' La temperature est trop élevée ! (413°C)'),
(9, 1, 'Chuck.Norris@isen-ouest.yncrea.fr', '2017-05-24 09:10:40', ' Le taux de CO2 est dangereusement haut ! (1120ppm)'),
(10, 1, 'Chuck.Norris@isen-ouest.yncrea.fr', '2017-05-24 09:10:40', ' La temperature est trop élevée ! (413°C)'),
(11, 1, 'Chuck.Norris@isen-ouest.yncrea.fr', '2017-05-24 10:17:40', ' Le taux de CO2 est dangereusement haut ! (1056ppm)'),
(12, 1, 'Chuck.Norris@isen-ouest.yncrea.fr', '2017-05-24 10:18:40', ' Le taux de CO2 est dangereusement haut ! (1066ppm)'),
(13, 1, 'Chuck.Norris@isen-ouest.yncrea.fr', '2017-05-24 10:19:40', ' Le taux de CO2 est dangereusement haut ! (1158ppm)'),
(15, 1, 'Chuck.Norris@isen-ouest.yncrea.fr', '2017-05-24 12:30:40', ' Le taux de CO2 est dangereusement haut ! (1074ppm)'),
(16, 1, 'Chuck.Norris@isen-ouest.yncrea.fr', '2017-05-24 12:31:40', ' Le taux de CO2 est dangereusement haut ! (1078ppm)'),
(17, 1, 'Chuck.Norris@isen-ouest.yncrea.fr', '2017-05-24 12:32:40', ' Le taux de CO2 est dangereusement haut ! (1042ppm)'),
(18, 1, 'Chuck.Norris@isen-ouest.yncrea.fr', '2017-05-24 12:34:40', ' Le taux de CO2 est dangereusement haut ! (1089ppm)'),
(19, 1, 'Chuck.Norris@isen-ouest.yncrea.fr', '2017-05-24 12:35:40', ' Le taux de CO2 est dangereusement haut ! (1143ppm)'),
(20, 1, 'Chuck.Norris@isen-ouest.yncrea.fr', '2017-05-24 12:36:40', ' Le taux de CO2 est dangereusement haut ! (1135ppm)'),
(21, 1, 'Chuck.Norris@isen-ouest.yncrea.fr', '2017-05-24 12:37:40', ' Le taux de CO2 est dangereusement haut ! (1066ppm)'),
(22, 1, 'Chuck.Norris@isen-ouest.yncrea.fr', '2017-05-24 12:38:40', ' Le taux de CO2 est dangereusement haut ! (1012ppm)'),
(23, 1, 'Chuck.Norris@isen-ouest.yncrea.fr', '2017-05-24 12:39:40', ' Le taux de CO2 est dangereusement haut ! (1036ppm)'),
(24, 1, 'Chuck.Norris@isen-ouest.yncrea.fr', '2017-05-24 12:40:40', ' Le taux de CO2 est dangereusement haut ! (1102ppm)'),
(25, 1, 'Chuck.Norris@isen-ouest.yncrea.fr', '2017-05-24 12:41:40', ' Le taux de CO2 est dangereusement haut ! (1035ppm)'),
(26, 1, 'Chuck.Norris@isen-ouest.yncrea.fr', '2017-05-24 12:42:40', ' Le taux de CO2 est dangereusement haut ! (1078ppm)'),
(27, 1, 'Chuck.Norris@isen-ouest.yncrea.fr', '2017-05-24 12:43:40', ' Le taux de CO2 est dangereusement haut ! (1002ppm)'),
(28, 1, 'Chuck.Norris@isen-ouest.yncrea.fr', '2017-05-24 13:34:40', ' Le taux de CO2 est dangereusement haut ! (1098ppm)'),
(29, 1, 'Chuck.Norris@isen-ouest.yncrea.fr', '2017-05-24 13:35:40', ' Le taux de CO2 est dangereusement haut ! (1044ppm)'),
(30, 1, 'Chuck.Norris@isen-ouest.yncrea.fr', '2017-05-24 13:36:40', ' Le taux de CO2 est dangereusement haut ! (1063ppm)'),
(31, 1, 'Chuck.Norris@isen-ouest.yncrea.fr', '2017-05-24 13:37:40', ' Le taux de CO2 est dangereusement haut ! (1092ppm)'),
(32, 1, 'Chuck.Norris@isen-ouest.yncrea.fr', '2017-05-24 13:38:40', ' Le taux de CO2 est dangereusement haut ! (1074ppm)'),
(33, 1, 'Chuck.Norris@isen-ouest.yncrea.fr', '2017-05-24 13:39:40', ' Le taux de CO2 est dangereusement haut ! (1092ppm)'),
(34, 1, 'Chuck.Norris@isen-ouest.yncrea.fr', '2017-05-24 13:40:40', ' Le taux de CO2 est dangereusement haut ! (1005ppm)'),
(35, 1, 'Chuck.Norris@isen-ouest.yncrea.fr', '2017-05-24 13:41:40', ' Le taux de CO2 est dangereusement haut ! (1035ppm)'),
(36, 1, 'Chuck.Norris@isen-ouest.yncrea.fr', '2017-05-24 13:43:40', ' Le taux de CO2 est dangereusement haut ! (1047ppm)'),
(37, 1, 'Chuck.Norris@isen-ouest.yncrea.fr', '2017-05-24 13:44:40', ' Le taux de CO2 est dangereusement haut ! (1120ppm)'),
(38, 1, 'Chuck.Norris@isen-ouest.yncrea.fr', '2017-05-24 13:45:40', ' Le taux de CO2 est dangereusement haut ! (1027ppm)'),
(39, 1, 'Chuck.Norris@isen-ouest.yncrea.fr', '2017-05-24 13:47:40', ' Le taux de CO2 est dangereusement haut ! (1177ppm)'),
(40, 1, 'Chuck.Norris@isen-ouest.yncrea.fr', '2017-05-24 13:49:40', ' Le taux de CO2 est dangereusement haut ! (1053ppm)'),
(41, 1, 'Chuck.Norris@isen-ouest.yncrea.fr', '2017-05-24 13:50:40', ' Le taux de CO2 est dangereusement haut ! (1087ppm)'),
(42, 1, 'Chuck.Norris@isen-ouest.yncrea.fr', '2017-05-24 13:51:40', ' Le taux de CO2 est dangereusement haut ! (1065ppm)'),
(43, 1, 'Chuck.Norris@isen-ouest.yncrea.fr', '2017-05-24 13:52:40', ' Le taux de CO2 est dangereusement haut ! (1050ppm)'),
(44, 1, 'Chuck.Norris@isen-ouest.yncrea.fr', '2017-05-24 13:53:40', ' Le taux de CO2 est dangereusement haut ! (1096ppm)'),
(45, 1, 'Chuck.Norris@isen-ouest.yncrea.fr', '2017-05-24 13:54:40', ' Le taux de CO2 est dangereusement haut ! (1002ppm)'),
(46, 1, 'Chuck.Norris@isen-ouest.yncrea.fr', '2017-05-24 13:55:40', ' Le taux de CO2 est dangereusement haut ! (1167ppm)'),
(48, 1, 'Chuck.Norris@isen-ouest.yncrea.fr', '2017-05-24 13:56:40', ' Le taux de CO2 est dangereusement haut ! (1057ppm)'),
(49, 1, 'Chuck.Norris@isen-ouest.yncrea.fr', '2017-05-24 13:57:40', ' Le taux de CO2 est dangereusement haut ! (1039ppm)'),
(50, 1, 'Chuck.Norris@isen-ouest.yncrea.fr', '2017-05-24 13:58:40', ' Le taux de CO2 est dangereusement haut ! (1099ppm)'),
(51, 1, 'Chuck.Norris@isen-ouest.yncrea.fr', '2017-05-24 13:59:40', ' Le taux de CO2 est dangereusement haut ! (1008ppm)'),
(52, 1, 'Chuck.Norris@isen-ouest.yncrea.fr', '2017-05-24 14:00:40', ' Le taux de CO2 est dangereusement haut ! (1107ppm)'),
(53, 1, 'Steven.Seagal@isen-ouest.yncrea.fr', '2017-05-24 14:00:44', ' Le taux de CO2 est dangereusement haut ! (1117ppm)'),
(54, 1, 'Steven.Seagal@isen-ouest.yncrea.fr', '2017-05-24 14:00:44', ' Humidité trop importante ! (99)'),
(55, 1, 'Chuck.Norris@isen-ouest.yncrea.fr', '2017-05-24 14:01:40', ' Le taux de CO2 est dangereusement haut ! (1098ppm)'),
(56, 2, 'Steven.Seagal@isen-ouest.yncrea.fr', '2017-05-24 14:01:44', ' Le taux de CO2 est dangereusement haut ! (1171ppm)'),
(57, 2, 'Steven.Seagal@isen-ouest.yncrea.fr', '2017-05-24 14:01:44', ' Humidité trop importante ! (99)'),
(58, 1, 'Chuck.Norris@isen-ouest.yncrea.fr', '2017-05-24 14:02:40', ' Le taux de CO2 est dangereusement haut ! (1057ppm)'),
(59, 2, 'Steven.Seagal@isen-ouest.yncrea.fr', '2017-05-24 14:02:44', ' Le taux de CO2 est dangereusement haut ! (1221ppm)'),
(60, 2, 'Steven.Seagal@isen-ouest.yncrea.fr', '2017-05-24 14:02:44', ' Humidité trop importante ! (99)'),
(61, 1, 'Chuck.Norris@isen-ouest.yncrea.fr', '2017-05-24 14:03:40', ' Le taux de CO2 est dangereusement haut ! (1096ppm)'),
(62, 1, 'Chuck.Norris@isen-ouest.yncrea.fr', '2017-05-24 14:04:40', ' Le taux de CO2 est dangereusement haut ! (1125ppm)'),
(63, 1, 'Chuck.Norris@isen-ouest.yncrea.fr', '2017-05-24 14:05:40', ' Le taux de CO2 est dangereusement haut ! (1113ppm)'),
(64, 2, 'Steven.Seagal@isen-ouest.yncrea.fr', '2017-05-24 14:05:44', ' Le taux de CO2 est dangereusement haut ! (1225ppm)'),
(65, 2, 'Steven.Seagal@isen-ouest.yncrea.fr', '2017-05-24 14:05:44', ' Humidité trop importante ! (99)'),
(66, 1, 'Steven.Seagal@isen-ouest.yncrea.fr', '2017-05-24 14:06:44', ' Le taux de CO2 est dangereusement haut ! (1114ppm)'),
(67, 1, 'Steven.Seagal@isen-ouest.yncrea.fr', '2017-05-24 14:06:44', ' Humidité trop importante ! (99)'),
(68, 1, 'Chuck.Norris@isen-ouest.yncrea.fr', '2017-05-24 14:08:40', ' Le taux de CO2 est dangereusement haut ! (1066ppm)'),
(69, 1, 'Chuck.Norris@isen-ouest.yncrea.fr', '2017-05-24 14:09:40', ' Le taux de CO2 est dangereusement haut ! (1038ppm)'),
(70, 1, 'Steven.Seagal@isen-ouest.yncrea.fr', '2017-05-24 14:09:44', ' Le taux de CO2 est dangereusement haut ! (1182ppm)'),
(71, 1, 'Steven.Seagal@isen-ouest.yncrea.fr', '2017-05-24 14:09:44', ' Humidité trop importante ! (99)'),
(72, 1, 'Chuck.Norris@isen-ouest.yncrea.fr', '2017-05-24 14:10:40', ' Le taux de CO2 est dangereusement haut ! (1056ppm)'),
(73, 1, 'Chuck.Norris@isen-ouest.yncrea.fr', '2017-05-24 14:11:40', ' Le taux de CO2 est dangereusement haut ! (1035ppm)'),
(74, 1, 'Chuck.Norris@isen-ouest.yncrea.fr', '2017-05-24 14:12:40', ' Le taux de CO2 est dangereusement haut ! (1174ppm)'),
(75, 1, 'Chuck.Norris@isen-ouest.yncrea.fr', '2017-05-24 14:14:40', ' Le taux de CO2 est dangereusement haut ! (1123ppm)'),
(76, 1, 'Chuck.Norris@isen-ouest.yncrea.fr', '2017-05-24 14:15:40', ' Le taux de CO2 est dangereusement haut ! (1014ppm)'),
(77, 1, 'Steven.Seagal@isen-ouest.yncrea.fr', '2017-05-24 14:15:44', ' Le taux de CO2 est dangereusement haut ! (1168ppm)'),
(78, 1, 'Steven.Seagal@isen-ouest.yncrea.fr', '2017-05-24 14:15:44', ' Humidité trop importante ! (99)'),
(79, 1, 'Steven.Seagal@isen-ouest.yncrea.fr', '2017-05-24 14:15:44', ' La temperature est trop basse ! (17°C)'),
(80, 1, 'Chuck.Norris@isen-ouest.yncrea.fr', '2017-05-24 14:16:40', ' Le taux de CO2 est dangereusement haut ! (1020ppm)'),
(81, 1, 'Chuck.Norris@isen-ouest.yncrea.fr', '2017-05-24 14:17:40', ' Le taux de CO2 est dangereusement haut ! (1074ppm)'),
(82, 1, 'Steven.Seagal@isen-ouest.yncrea.fr', '2017-05-24 14:17:44', ' Le taux de CO2 est dangereusement haut ! (1149ppm)'),
(83, 1, 'Steven.Seagal@isen-ouest.yncrea.fr', '2017-05-24 14:17:44', ' Humidité trop importante ! (99)'),
(84, 1, 'Steven.Seagal@isen-ouest.yncrea.fr', '2017-05-24 14:17:44', ' La temperature est trop basse ! (17°C)'),
(85, 1, 'Chuck.Norris@isen-ouest.yncrea.fr', '2017-05-24 14:18:40', ' Le taux de CO2 est dangereusement haut ! (1039ppm)'),
(86, 1, 'Chuck.Norris@isen-ouest.yncrea.fr', '2017-05-24 14:18:40', ' La temperature est trop élevée ! (30°C)'),
(87, 1, 'Chuck.Norris@isen-ouest.yncrea.fr', '2017-05-24 14:19:40', ' Le taux de CO2 est dangereusement haut ! (1114ppm)'),
(88, 1, 'Chuck.Norris@isen-ouest.yncrea.fr', '2017-05-24 14:19:40', ' La temperature est trop élevée ! (29°C)'),
(89, 2, 'Steven.Seagal@isen-ouest.yncrea.fr', '2017-05-24 14:19:44', ' Humidité trop importante ! (99)'),
(90, 2, 'Steven.Seagal@isen-ouest.yncrea.fr', '2017-05-24 14:19:44', ' La temperature est trop basse ! (17°C)'),
(91, 1, 'Chuck.Norris@isen-ouest.yncrea.fr', '2017-05-24 14:20:40', ' Le taux de CO2 est dangereusement haut ! (1071ppm)'),
(92, 1, 'Chuck.Norris@isen-ouest.yncrea.fr', '2017-05-24 14:20:40', ' La temperature est trop élevée ! (29°C)'),
(93, 2, 'Steven.Seagal@isen-ouest.yncrea.fr', '2017-05-24 14:20:44', ' Le taux de CO2 est dangereusement haut ! (1092ppm)'),
(94, 2, 'Steven.Seagal@isen-ouest.yncrea.fr', '2017-05-24 14:20:44', ' Humidité trop importante ! (99)'),
(95, 1, 'Chuck.Norris@isen-ouest.yncrea.fr', '2017-05-24 14:21:40', ' Le taux de CO2 est dangereusement haut ! (1093ppm)'),
(96, 1, 'Chuck.Norris@isen-ouest.yncrea.fr', '2017-05-24 14:21:40', ' La temperature est trop élevée ! (29°C)'),
(97, 1, 'Chuck.Norris@isen-ouest.yncrea.fr', '2017-05-24 14:21:40', ' Le taux de CO2 est dangereusement haut ! (1093ppm)'),
(98, 1, 'Chuck.Norris@isen-ouest.yncrea.fr', '2017-05-24 14:21:40', ' Humidité trop importante ! (99)'),
(99, 1, 'Chuck.Norris@isen-ouest.yncrea.fr', '2017-05-24 14:21:40', ' La temperature est trop élevée ! (29°C)'),
(100, 1, 'Chuck.Norris@isen-ouest.yncrea.fr', '2017-05-24 14:22:40', ' Le taux de CO2 est dangereusement haut ! (1183ppm)'),
(101, 1, 'Chuck.Norris@isen-ouest.yncrea.fr', '2017-05-24 14:22:40', ' La temperature est trop élevée ! (29°C)'),
(102, 1, 'Chuck.Norris@isen-ouest.yncrea.fr', '2017-05-24 14:23:40', ' Le taux de CO2 est dangereusement haut ! (1026ppm)'),
(103, 1, 'Chuck.Norris@isen-ouest.yncrea.fr', '2017-05-24 14:23:40', ' La temperature est trop élevée ! (30°C)'),
(104, 1, 'Chuck.Norris@isen-ouest.yncrea.fr', '2017-05-24 14:24:40', ' Le taux de CO2 est dangereusement haut ! (1066ppm)'),
(105, 1, 'Chuck.Norris@isen-ouest.yncrea.fr', '2017-05-24 14:24:40', ' La temperature est trop élevée ! (29°C)'),
(106, 1, 'Chuck.Norris@isen-ouest.yncrea.fr', '2017-05-24 14:25:40', ' Le taux de CO2 est dangereusement haut ! (1158ppm)'),
(107, 1, 'Chuck.Norris@isen-ouest.yncrea.fr', '2017-05-24 14:25:40', ' La temperature est trop élevée ! (31°C)'),
(108, 1, 'Chuck.Norris@isen-ouest.yncrea.fr', '2017-05-24 14:26:40', ' Le taux de CO2 est dangereusement haut ! (1036ppm)'),
(109, 1, 'Chuck.Norris@isen-ouest.yncrea.fr', '2017-05-24 14:26:40', ' La temperature est trop élevée ! (30°C)'),
(110, 1, 'Chuck.Norris@isen-ouest.yncrea.fr', '2017-05-24 14:27:40', ' Le taux de CO2 est dangereusement haut ! (1042ppm)'),
(111, 1, 'Chuck.Norris@isen-ouest.yncrea.fr', '2017-05-24 14:27:40', ' La temperature est trop élevée ! (29°C)'),
(112, 1, 'Chuck.Norris@isen-ouest.yncrea.fr', '2017-05-24 14:28:40', ' Le taux de CO2 est dangereusement haut ! (3087ppm)'),
(113, 1, 'Chuck.Norris@isen-ouest.yncrea.fr', '2017-05-24 14:28:40', ' La temperature est trop élevée ! (30°C)'),
(114, 1, 'Chuck.Norris@isen-ouest.yncrea.fr', '2017-05-24 14:29:40', ' Le taux de CO2 est dangereusement haut ! (1059ppm)'),
(115, 1, 'Chuck.Norris@isen-ouest.yncrea.fr', '2017-05-24 14:29:40', ' La temperature est trop élevée ! (30°C)'),
(116, 1, 'Chuck.Norris@isen-ouest.yncrea.fr', '2017-05-24 14:30:40', ' Le taux de CO2 est dangereusement haut ! (1158ppm)'),
(117, 1, 'Chuck.Norris@isen-ouest.yncrea.fr', '2017-05-24 14:31:40', ' Le taux de CO2 est dangereusement haut ! (1113ppm)'),
(118, 1, 'Chuck.Norris@isen-ouest.yncrea.fr', '2017-05-24 14:32:40', ' Le taux de CO2 est dangereusement haut ! (1086ppm)'),
(119, 1, 'Chuck.Norris@isen-ouest.yncrea.fr', '2017-05-24 14:33:40', ' Le taux de CO2 est dangereusement haut ! (1075ppm)'),
(120, 1, 'Chuck.Norris@isen-ouest.yncrea.fr', '2017-05-24 14:34:40', ' Le taux de CO2 est dangereusement haut ! (1053ppm)'),
(121, 1, 'Chuck.Norris@isen-ouest.yncrea.fr', '2017-05-24 14:35:40', ' Le taux de CO2 est dangereusement haut ! (1102ppm)'),
(122, 1, 'Chuck.Norris@isen-ouest.yncrea.fr', '2017-05-24 14:36:40', ' Le taux de CO2 est dangereusement haut ! (1011ppm)'),
(123, 1, 'Chuck.Norris@isen-ouest.yncrea.fr', '2017-05-24 14:37:40', ' Le taux de CO2 est dangereusement haut ! (1036ppm)'),
(124, 1, 'Chuck.Norris@isen-ouest.yncrea.fr', '2017-05-24 14:38:40', ' Le taux de CO2 est dangereusement haut ! (1120ppm)'),
(125, 1, 'Chuck.Norris@isen-ouest.yncrea.fr', '2017-05-24 14:38:40', ' Le taux de CO2 est dangereusement haut ! (1120ppm)'),
(126, 2, 'Steven.Seagal@isen-ouest.yncrea.fr', '2017-05-24 14:38:44', ' Le taux de CO2 est dangereusement haut ! (1182ppm)'),
(127, 1, 'Chuck.Norris@isen-ouest.yncrea.fr', '2017-05-24 14:39:40', ' Le taux de CO2 est dangereusement haut ! (1099ppm)'),
(128, 1, 'Chuck.Norris@isen-ouest.yncrea.fr', '2017-05-24 14:40:40', ' Le taux de CO2 est dangereusement haut ! (1059ppm)'),
(129, 1, 'Chuck.Norris@isen-ouest.yncrea.fr', '2017-05-24 14:41:40', ' Le taux de CO2 est dangereusement haut ! (1105ppm)'),
(130, 1, 'Chuck.Norris@isen-ouest.yncrea.fr', '2017-05-24 14:42:40', ' Le taux de CO2 est dangereusement haut ! (1077ppm)'),
(131, 1, 'Chuck.Norris@isen-ouest.yncrea.fr', '2017-05-24 14:43:40', ' Le taux de CO2 est dangereusement haut ! (1087ppm)'),
(132, 1, 'Chuck.Norris@isen-ouest.yncrea.fr', '2017-05-24 14:44:40', ' Le taux de CO2 est dangereusement haut ! (1107ppm)'),
(133, 1, 'Chuck.Norris@isen-ouest.yncrea.fr', '2017-05-24 14:45:40', ' Le taux de CO2 est dangereusement haut ! (1063ppm)'),
(134, 1, 'Chuck.Norris@isen-ouest.yncrea.fr', '2017-05-24 14:46:40', ' Le taux de CO2 est dangereusement haut ! (1039ppm)'),
(135, 1, 'Chuck.Norris@isen-ouest.yncrea.fr', '2017-05-24 14:47:40', ' Le taux de CO2 est dangereusement haut ! (1024ppm)'),
(136, 1, 'Chuck.Norris@isen-ouest.yncrea.fr', '2017-05-24 14:48:40', ' Le taux de CO2 est dangereusement haut ! (1089ppm)'),
(137, 1, 'Chuck.Norris@isen-ouest.yncrea.fr', '2017-05-24 14:49:40', ' Le taux de CO2 est dangereusement haut ! (1042ppm)'),
(138, 1, 'Chuck.Norris@isen-ouest.yncrea.fr', '2017-05-24 14:50:40', ' Le taux de CO2 est dangereusement haut ! (1003ppm)'),
(139, 1, 'Chuck.Norris@isen-ouest.yncrea.fr', '2017-05-24 14:51:40', ' Le taux de CO2 est dangereusement haut ! (1072ppm)'),
(140, 1, 'Chuck.Norris@isen-ouest.yncrea.fr', '2017-05-24 14:52:40', ' Le taux de CO2 est dangereusement haut ! (1066ppm)'),
(141, 1, 'Chuck.Norris@isen-ouest.yncrea.fr', '2017-05-24 14:53:40', ' Le taux de CO2 est dangereusement haut ! (1029ppm)'),
(142, 1, 'Chuck.Norris@isen-ouest.yncrea.fr', '2017-05-24 14:55:40', ' Le taux de CO2 est dangereusement haut ! (1024ppm)'),
(143, 1, 'Chuck.Norris@isen-ouest.yncrea.fr', '2017-05-24 14:56:40', ' Le taux de CO2 est dangereusement haut ! (1117ppm)'),
(144, 1, 'Chuck.Norris@isen-ouest.yncrea.fr', '2017-05-24 14:57:40', ' Le taux de CO2 est dangereusement haut ! (1050ppm)'),
(145, 1, 'Chuck.Norris@isen-ouest.yncrea.fr', '2017-05-24 14:59:40', ' Le taux de CO2 est dangereusement haut ! (1084ppm)'),
(146, 1, 'Chuck.Norris@isen-ouest.yncrea.fr', '2017-05-24 15:00:40', ' Le taux de CO2 est dangereusement haut ! (1000ppm)'),
(147, 1, 'Chuck.Norris@isen-ouest.yncrea.fr', '2017-05-24 15:02:40', ' Le taux de CO2 est dangereusement haut ! (1011ppm)'),
(148, 1, 'Chuck.Norris@isen-ouest.yncrea.fr', '2017-05-24 15:04:40', ' Le taux de CO2 est dangereusement haut ! (1029ppm)'),
(149, 1, 'Chuck.Norris@isen-ouest.yncrea.fr', '2017-05-24 15:05:40', ' Le taux de CO2 est dangereusement haut ! (1023ppm)'),
(150, 1, 'Chuck.Norris@isen-ouest.yncrea.fr', '2017-05-24 15:06:40', ' Le taux de CO2 est dangereusement haut ! (3424ppm)'),
(151, 1, 'Chuck.Norris@isen-ouest.yncrea.fr', '2017-05-24 15:08:40', ' Le taux de CO2 est dangereusement haut ! (1039ppm)'),
(152, 1, 'Chuck.Norris@isen-ouest.yncrea.fr', '2017-05-24 15:09:40', ' Le taux de CO2 est dangereusement haut ! (1056ppm)'),
(153, 1, 'Chuck.Norris@isen-ouest.yncrea.fr', '2017-05-24 15:10:40', ' Le taux de CO2 est dangereusement haut ! (1078ppm)'),
(154, 1, 'Chuck.Norris@isen-ouest.yncrea.fr', '2017-05-24 15:11:40', ' Le taux de CO2 est dangereusement haut ! (1083ppm)'),
(155, 1, 'Chuck.Norris@isen-ouest.yncrea.fr', '2017-05-24 15:12:40', ' Le taux de CO2 est dangereusement haut ! (1029ppm)'),
(156, 1, 'Chuck.Norris@isen-ouest.yncrea.fr', '2017-05-24 15:13:40', ' Le taux de CO2 est dangereusement haut ! (1146ppm)'),
(157, 1, 'Chuck.Norris@isen-ouest.yncrea.fr', '2017-05-24 15:14:40', ' Le taux de CO2 est dangereusement haut ! (1081ppm)'),
(158, 1, 'Chuck.Norris@isen-ouest.yncrea.fr', '2017-05-24 15:15:40', ' Le taux de CO2 est dangereusement haut ! (1044ppm)'),
(159, 1, 'Chuck.Norris@isen-ouest.yncrea.fr', '2017-05-24 15:16:40', ' Le taux de CO2 est dangereusement haut ! (1066ppm)'),
(160, 1, 'Chuck.Norris@isen-ouest.yncrea.fr', '2017-05-24 15:17:40', ' Le taux de CO2 est dangereusement haut ! (1158ppm)'),
(161, 1, 'Chuck.Norris@isen-ouest.yncrea.fr', '2017-05-24 15:18:40', ' Le taux de CO2 est dangereusement haut ! (1093ppm)'),
(162, 1, 'Chuck.Norris@isen-ouest.yncrea.fr', '2017-05-24 15:19:40', ' Le taux de CO2 est dangereusement haut ! (1056ppm)'),
(163, 1, 'Chuck.Norris@isen-ouest.yncrea.fr', '2017-05-24 15:20:40', ' Le taux de CO2 est dangereusement haut ! (1110ppm)'),
(164, 1, 'Chuck.Norris@isen-ouest.yncrea.fr', '2017-05-24 15:21:40', ' Le taux de CO2 est dangereusement haut ! (1038ppm)'),
(165, 1, 'Chuck.Norris@isen-ouest.yncrea.fr', '2017-05-24 15:22:40', ' Le taux de CO2 est dangereusement haut ! (1047ppm)'),
(166, 1, 'Chuck.Norris@isen-ouest.yncrea.fr', '2017-05-24 15:24:40', ' Le taux de CO2 est dangereusement haut ! (1075ppm)'),
(167, 1, 'Chuck.Norris@isen-ouest.yncrea.fr', '2017-05-24 15:25:40', ' Le taux de CO2 est dangereusement haut ! (1045ppm)'),
(168, 1, 'Chuck.Norris@isen-ouest.yncrea.fr', '2017-05-24 15:26:40', ' Le taux de CO2 est dangereusement haut ! (3024ppm)'),
(169, 1, 'Chuck.Norris@isen-ouest.yncrea.fr', '2017-05-24 15:27:40', ' Le taux de CO2 est dangereusement haut ! (1009ppm)'),
(170, 1, 'Chuck.Norris@isen-ouest.yncrea.fr', '2017-05-24 15:28:40', ' Le taux de CO2 est dangereusement haut ! (1047ppm)'),
(171, 1, 'Chuck.Norris@isen-ouest.yncrea.fr', '2017-05-24 15:29:40', ' Le taux de CO2 est dangereusement haut ! (1105ppm)'),
(172, 1, 'Chuck.Norris@isen-ouest.yncrea.fr', '2017-05-24 15:29:40', ' Le taux de CO2 est dangereusement haut ! (1105ppm)'),
(173, 1, 'Chuck.Norris@isen-ouest.yncrea.fr', '2017-05-24 15:30:40', ' Le taux de CO2 est dangereusement haut ! (1048ppm)'),
(174, 1, 'Chuck.Norris@isen-ouest.yncrea.fr', '2017-05-24 15:31:40', ' Le taux de CO2 est dangereusement haut ! (1114ppm)'),
(175, 1, 'Chuck.Norris@isen-ouest.yncrea.fr', '2017-05-24 15:32:40', ' Le taux de CO2 est dangereusement haut ! (1047ppm)'),
(176, 1, 'Chuck.Norris@isen-ouest.yncrea.fr', '2017-05-24 15:33:40', ' Le taux de CO2 est dangereusement haut ! (1003ppm)'),
(177, 1, 'Chuck.Norris@isen-ouest.yncrea.fr', '2017-05-24 15:34:40', ' Le taux de CO2 est dangereusement haut ! (1042ppm)'),
(178, 1, 'Chuck.Norris@isen-ouest.yncrea.fr', '2017-05-24 15:35:40', ' Le taux de CO2 est dangereusement haut ! (1027ppm)'),
(179, 1, 'Chuck.Norris@isen-ouest.yncrea.fr', '2017-05-24 15:36:40', ' Le taux de CO2 est dangereusement haut ! (1059ppm)'),
(180, 1, 'Chuck.Norris@isen-ouest.yncrea.fr', '2017-05-24 15:38:40', ' Le taux de CO2 est dangereusement haut ! (1044ppm)'),
(181, 1, 'Chuck.Norris@isen-ouest.yncrea.fr', '2017-05-24 15:39:40', ' Le taux de CO2 est dangereusement haut ! (1020ppm)'),
(182, 1, 'Chuck.Norris@isen-ouest.yncrea.fr', '2017-05-24 15:40:40', ' Le taux de CO2 est dangereusement haut ! (1140ppm)'),
(183, 1, 'Chuck.Norris@isen-ouest.yncrea.fr', '2017-05-24 15:41:40', ' Le taux de CO2 est dangereusement haut ! (1104ppm)'),
(184, 1, 'Chuck.Norris@isen-ouest.yncrea.fr', '2017-05-24 15:42:40', ' Le taux de CO2 est dangereusement haut ! (1042ppm)'),
(185, 1, 'Chuck.Norris@isen-ouest.yncrea.fr', '2017-05-24 15:43:40', ' Le taux de CO2 est dangereusement haut ! (1012ppm)'),
(186, 1, 'Chuck.Norris@isen-ouest.yncrea.fr', '2017-05-24 15:45:40', ' Le taux de CO2 est dangereusement haut ! (1045ppm)'),
(187, 1, 'Chuck.Norris@isen-ouest.yncrea.fr', '2017-05-24 15:46:40', ' Le taux de CO2 est dangereusement haut ! (1074ppm)'),
(188, 1, 'Chuck.Norris@isen-ouest.yncrea.fr', '2017-05-24 15:47:40', ' Le taux de CO2 est dangereusement haut ! (1000ppm)'),
(189, 1, 'Chuck.Norris@isen-ouest.yncrea.fr', '2017-05-24 15:48:40', ' Le taux de CO2 est dangereusement haut ! (1087ppm)'),
(190, 1, 'Chuck.Norris@isen-ouest.yncrea.fr', '2017-05-24 15:49:40', ' Le taux de CO2 est dangereusement haut ! (1042ppm)'),
(191, 1, 'Chuck.Norris@isen-ouest.yncrea.fr', '2017-05-24 15:50:40', ' Le taux de CO2 est dangereusement haut ! (1165ppm)'),
(192, 1, 'Chuck.Norris@isen-ouest.yncrea.fr', '2017-05-24 15:51:40', ' Le taux de CO2 est dangereusement haut ! (1020ppm)'),
(193, 1, 'Chuck.Norris@isen-ouest.yncrea.fr', '2017-05-24 15:52:40', ' Le taux de CO2 est dangereusement haut ! (1092ppm)'),
(194, 1, 'Chuck.Norris@isen-ouest.yncrea.fr', '2017-05-24 15:53:40', ' Le taux de CO2 est dangereusement haut ! (1065ppm)'),
(195, 1, 'Chuck.Norris@isen-ouest.yncrea.fr', '2017-05-24 15:54:40', ' Le taux de CO2 est dangereusement haut ! (1179ppm)'),
(196, 1, 'Chuck.Norris@isen-ouest.yncrea.fr', '2017-05-24 15:55:40', ' Le taux de CO2 est dangereusement haut ! (1059ppm)'),
(197, 1, 'Chuck.Norris@isen-ouest.yncrea.fr', '2017-05-24 15:56:40', ' Le taux de CO2 est dangereusement haut ! (1144ppm)'),
(198, 1, 'Chuck.Norris@isen-ouest.yncrea.fr', '2017-05-24 15:57:40', ' Le taux de CO2 est dangereusement haut ! (1125ppm)'),
(199, 1, 'Chuck.Norris@isen-ouest.yncrea.fr', '2017-05-24 15:58:40', ' Le taux de CO2 est dangereusement haut ! (1030ppm)'),
(200, 1, 'Chuck.Norris@isen-ouest.yncrea.fr', '2017-05-24 15:59:40', ' Le taux de CO2 est dangereusement haut ! (1065ppm)'),
(201, 1, 'Chuck.Norris@isen-ouest.yncrea.fr', '2017-05-24 16:00:40', ' Le taux de CO2 est dangereusement haut ! (1060ppm)'),
(202, 1, 'Chuck.Norris@isen-ouest.yncrea.fr', '2017-05-24 16:01:40', ' Le taux de CO2 est dangereusement haut ! (1206ppm)'),
(203, 1, 'Chuck.Norris@isen-ouest.yncrea.fr', '2017-05-24 16:02:40', ' Le taux de CO2 est dangereusement haut ! (1069ppm)'),
(204, 1, 'Chuck.Norris@isen-ouest.yncrea.fr', '2017-05-24 16:03:40', ' Le taux de CO2 est dangereusement haut ! (1024ppm)'),
(205, 1, 'Chuck.Norris@isen-ouest.yncrea.fr', '2017-05-24 16:04:40', ' Le taux de CO2 est dangereusement haut ! (1083ppm)'),
(206, 1, 'Chuck.Norris@isen-ouest.yncrea.fr', '2017-05-24 16:05:40', ' Le taux de CO2 est dangereusement haut ! (1003ppm)'),
(207, 1, 'Chuck.Norris@isen-ouest.yncrea.fr', '2017-05-24 16:06:40', ' Le taux de CO2 est dangereusement haut ! (1054ppm)'),
(208, 1, 'Chuck.Norris@isen-ouest.yncrea.fr', '2017-05-24 16:08:40', ' Le taux de CO2 est dangereusement haut ! (1051ppm)'),
(209, 1, 'Chuck.Norris@isen-ouest.yncrea.fr', '2017-05-24 16:09:40', ' Le taux de CO2 est dangereusement haut ! (1041ppm)'),
(210, 1, 'Chuck.Norris@isen-ouest.yncrea.fr', '2017-05-24 16:10:40', ' Le taux de CO2 est dangereusement haut ! (1006ppm)'),
(211, 1, 'Chuck.Norris@isen-ouest.yncrea.fr', '2017-05-24 16:11:40', ' Le taux de CO2 est dangereusement haut ! (1050ppm)'),
(212, 1, 'Chuck.Norris@isen-ouest.yncrea.fr', '2017-05-24 16:12:40', ' Le taux de CO2 est dangereusement haut ! (1113ppm)'),
(213, 1, 'Chuck.Norris@isen-ouest.yncrea.fr', '2017-05-24 16:14:40', ' Le taux de CO2 est dangereusement haut ! (1006ppm)'),
(214, 1, 'Chuck.Norris@isen-ouest.yncrea.fr', '2017-05-24 16:15:40', ' Le taux de CO2 est dangereusement haut ! (1024ppm)'),
(215, 1, 'Chuck.Norris@isen-ouest.yncrea.fr', '2017-05-24 16:16:40', ' Le taux de CO2 est dangereusement haut ! (1024ppm)'),
(216, 1, 'Chuck.Norris@isen-ouest.yncrea.fr', '2017-05-24 16:17:40', ' Le taux de CO2 est dangereusement haut ! (1056ppm)'),
(217, 1, 'Chuck.Norris@isen-ouest.yncrea.fr', '2017-05-24 16:19:40', ' Le taux de CO2 est dangereusement haut ! (1122ppm)'),
(218, 1, 'Chuck.Norris@isen-ouest.yncrea.fr', '2017-05-24 16:21:40', ' Le taux de CO2 est dangereusement haut ! (1044ppm)'),
(219, 1, 'Chuck.Norris@isen-ouest.yncrea.fr', '2017-05-24 16:22:40', ' Le taux de CO2 est dangereusement haut ! (1035ppm)'),
(220, 1, 'Chuck.Norris@isen-ouest.yncrea.fr', '2017-05-24 16:22:40', ' Le taux de CO2 est dangereusement haut ! (1035ppm)'),
(221, 1, 'Chuck.Norris@isen-ouest.yncrea.fr', '2017-05-24 16:22:40', ' Humidité trop importante ! (70)'),
(222, 1, 'Chuck.Norris@isen-ouest.yncrea.fr', '2017-05-24 16:24:40', ' Le taux de CO2 est dangereusement haut ! (1078ppm)'),
(223, 1, 'Chuck.Norris@isen-ouest.yncrea.fr', '2017-05-24 16:25:40', ' Le taux de CO2 est dangereusement haut ! (1033ppm)'),
(224, 1, 'Chuck.Norris@isen-ouest.yncrea.fr', '2017-05-24 16:26:40', ' Le taux de CO2 est dangereusement haut ! (1105ppm)'),
(225, 1, 'Chuck.Norris@isen-ouest.yncrea.fr', '2017-05-24 16:27:40', ' Le taux de CO2 est dangereusement haut ! (1156ppm)'),
(226, 1, 'Chuck.Norris@isen-ouest.yncrea.fr', '2017-05-24 16:28:40', ' Le taux de CO2 est dangereusement haut ! (1075ppm)'),
(227, 1, 'Chuck.Norris@isen-ouest.yncrea.fr', '2017-05-24 16:30:40', ' Le taux de CO2 est dangereusement haut ! (1029ppm)'),
(228, 1, 'Chuck.Norris@isen-ouest.yncrea.fr', '2017-05-24 16:31:40', ' Le taux de CO2 est dangereusement haut ! (1044ppm)'),
(229, 1, 'Chuck.Norris@isen-ouest.yncrea.fr', '2017-05-24 16:33:40', ' Le taux de CO2 est dangereusement haut ! (1042ppm)'),
(230, 1, 'Chuck.Norris@isen-ouest.yncrea.fr', '2017-05-24 16:34:40', ' Le taux de CO2 est dangereusement haut ! (1042ppm)'),
(231, 1, 'Chuck.Norris@isen-ouest.yncrea.fr', '2017-05-24 16:37:40', ' Le taux de CO2 est dangereusement haut ! (1038ppm)'),
(232, 1, 'Chuck.Norris@isen-ouest.yncrea.fr', '2017-05-24 16:39:40', ' Le taux de CO2 est dangereusement haut ! (1114ppm)'),
(233, 1, 'Chuck.Norris@isen-ouest.yncrea.fr', '2017-05-24 16:41:40', ' Le taux de CO2 est dangereusement haut ! (1054ppm)'),
(234, 1, 'Chuck.Norris@isen-ouest.yncrea.fr', '2017-05-24 16:43:40', ' Le taux de CO2 est dangereusement haut ! (1105ppm)'),
(235, 1, 'Chuck.Norris@isen-ouest.yncrea.fr', '2017-05-24 16:44:40', ' Le taux de CO2 est dangereusement haut ! (1084ppm)'),
(236, 1, 'Chuck.Norris@isen-ouest.yncrea.fr', '2017-05-24 16:45:40', ' Le taux de CO2 est dangereusement haut ! (1042ppm)'),
(237, 1, 'Chuck.Norris@isen-ouest.yncrea.fr', '2017-05-24 16:46:40', ' Le taux de CO2 est dangereusement haut ! (1033ppm)'),
(238, 1, 'Chuck.Norris@isen-ouest.yncrea.fr', '2017-05-24 16:47:40', ' Le taux de CO2 est dangereusement haut ! (1105ppm)'),
(239, 1, 'Chuck.Norris@isen-ouest.yncrea.fr', '2017-05-24 16:48:40', ' Le taux de CO2 est dangereusement haut ! (1006ppm)'),
(240, 1, 'Chuck.Norris@isen-ouest.yncrea.fr', '2017-05-24 16:49:40', ' Le taux de CO2 est dangereusement haut ! (1066ppm)'),
(241, 1, 'Chuck.Norris@isen-ouest.yncrea.fr', '2017-05-24 16:50:40', ' Le taux de CO2 est dangereusement haut ! (1098ppm)'),
(242, 1, 'Chuck.Norris@isen-ouest.yncrea.fr', '2017-05-24 16:51:40', ' Le taux de CO2 est dangereusement haut ! (1041ppm)'),
(243, 1, 'Chuck.Norris@isen-ouest.yncrea.fr', '2017-05-24 16:52:40', ' Le taux de CO2 est dangereusement haut ! (1038ppm)'),
(244, 1, 'Chuck.Norris@isen-ouest.yncrea.fr', '2017-05-24 16:53:40', ' Le taux de CO2 est dangereusement haut ! (1029ppm)'),
(245, 1, 'Chuck.Norris@isen-ouest.yncrea.fr', '2017-05-24 16:55:40', ' Le taux de CO2 est dangereusement haut ! (1101ppm)'),
(246, 1, 'Chuck.Norris@isen-ouest.yncrea.fr', '2017-05-24 16:56:40', ' Le taux de CO2 est dangereusement haut ! (1051ppm)'),
(247, 1, 'Chuck.Norris@isen-ouest.yncrea.fr', '2017-05-24 16:57:40', ' Le taux de CO2 est dangereusement haut ! (1036ppm)'),
(248, 1, 'Chuck.Norris@isen-ouest.yncrea.fr', '2017-05-24 16:58:40', ' Le taux de CO2 est dangereusement haut ! (1038ppm)'),
(249, 1, 'Chuck.Norris@isen-ouest.yncrea.fr', '2017-05-24 16:59:40', ' Le taux de CO2 est dangereusement haut ! (1018ppm)'),
(250, 1, 'Chuck.Norris@isen-ouest.yncrea.fr', '2017-05-24 17:00:40', ' Le taux de CO2 est dangereusement haut ! (1005ppm)'),
(251, 1, 'Chuck.Norris@isen-ouest.yncrea.fr', '2017-05-24 17:01:40', ' Le taux de CO2 est dangereusement haut ! (1105ppm)'),
(252, 1, 'Chuck.Norris@isen-ouest.yncrea.fr', '2017-05-24 17:02:40', ' Le taux de CO2 est dangereusement haut ! (1029ppm)'),
(253, 1, 'Chuck.Norris@isen-ouest.yncrea.fr', '2017-05-24 17:03:40', ' Le taux de CO2 est dangereusement haut ! (1054ppm)'),
(254, 1, 'Chuck.Norris@isen-ouest.yncrea.fr', '2017-05-24 17:05:40', ' Le taux de CO2 est dangereusement haut ! (1038ppm)'),
(255, 1, 'Chuck.Norris@isen-ouest.yncrea.fr', '2017-05-24 17:06:40', ' Le taux de CO2 est dangereusement haut ! (1039ppm)'),
(256, 1, 'Chuck.Norris@isen-ouest.yncrea.fr', '2017-05-24 17:07:40', ' Le taux de CO2 est dangereusement haut ! (1086ppm)'),
(257, 1, 'Chuck.Norris@isen-ouest.yncrea.fr', '2017-05-24 17:09:40', ' Le taux de CO2 est dangereusement haut ! (1042ppm)'),
(258, 1, 'Chuck.Norris@isen-ouest.yncrea.fr', '2017-05-24 17:10:40', ' Le taux de CO2 est dangereusement haut ! (1150ppm)'),
(259, 1, 'Chuck.Norris@isen-ouest.yncrea.fr', '2017-05-24 17:11:40', ' Le taux de CO2 est dangereusement haut ! (1081ppm)'),
(260, 1, 'Chuck.Norris@isen-ouest.yncrea.fr', '2017-05-24 17:12:40', ' Le taux de CO2 est dangereusement haut ! (1024ppm)'),
(261, 1, 'Chuck.Norris@isen-ouest.yncrea.fr', '2017-05-24 17:15:40', ' Le taux de CO2 est dangereusement haut ! (1099ppm)'),
(262, 1, 'Chuck.Norris@isen-ouest.yncrea.fr', '2017-05-24 17:16:40', ' Le taux de CO2 est dangereusement haut ! (1047ppm)'),
(263, 1, 'Chuck.Norris@isen-ouest.yncrea.fr', '2017-05-24 17:16:40', ' Le taux de CO2 est dangereusement haut ! (1047ppm)'),
(264, 1, 'Chuck.Norris@isen-ouest.yncrea.fr', '2017-05-24 17:17:40', ' Le taux de CO2 est dangereusement haut ! (1047ppm)'),
(265, 1, 'Chuck.Norris@isen-ouest.yncrea.fr', '2017-05-24 17:18:40', ' Le taux de CO2 est dangereusement haut ! (1080ppm)'),
(266, 1, 'Chuck.Norris@isen-ouest.yncrea.fr', '2017-05-24 17:19:40', ' Le taux de CO2 est dangereusement haut ! (1002ppm)'),
(267, 1, 'Chuck.Norris@isen-ouest.yncrea.fr', '2017-05-24 17:20:40', ' Le taux de CO2 est dangereusement haut ! (1005ppm)'),
(268, 1, 'Chuck.Norris@isen-ouest.yncrea.fr', '2017-05-24 17:22:40', ' Le taux de CO2 est dangereusement haut ! (1033ppm)'),
(269, 1, 'Chuck.Norris@isen-ouest.yncrea.fr', '2017-05-24 17:23:40', ' Le taux de CO2 est dangereusement haut ! (1092ppm)'),
(270, 1, 'Chuck.Norris@isen-ouest.yncrea.fr', '2017-05-24 17:24:40', ' Le taux de CO2 est dangereusement haut ! (1038ppm)'),
(271, 1, 'Chuck.Norris@isen-ouest.yncrea.fr', '2017-05-24 17:25:40', ' Le taux de CO2 est dangereusement haut ! (1120ppm)'),
(272, 1, 'Chuck.Norris@isen-ouest.yncrea.fr', '2017-05-24 17:26:40', ' Le taux de CO2 est dangereusement haut ! (1125ppm)'),
(273, 1, 'Chuck.Norris@isen-ouest.yncrea.fr', '2017-05-24 17:27:40', ' Le taux de CO2 est dangereusement haut ! (1078ppm)'),
(274, 1, 'Chuck.Norris@isen-ouest.yncrea.fr', '2017-05-24 17:28:40', ' Le taux de CO2 est dangereusement haut ! (1143ppm)'),
(275, 1, 'Chuck.Norris@isen-ouest.yncrea.fr', '2017-05-24 17:32:40', ' Le taux de CO2 est dangereusement haut ! (1003ppm)'),
(276, 1, 'Chuck.Norris@isen-ouest.yncrea.fr', '2017-05-24 17:33:40', ' Le taux de CO2 est dangereusement haut ! (1035ppm)'),
(277, 1, 'Chuck.Norris@isen-ouest.yncrea.fr', '2017-05-24 17:34:40', ' Le taux de CO2 est dangereusement haut ! (1048ppm)'),
(278, 1, 'Chuck.Norris@isen-ouest.yncrea.fr', '2017-05-24 17:35:40', ' Le taux de CO2 est dangereusement haut ! (1002ppm)'),
(279, 1, 'Chuck.Norris@isen-ouest.yncrea.fr', '2017-05-24 17:38:40', ' Le taux de CO2 est dangereusement haut ! (1080ppm)'),
(280, 1, 'Chuck.Norris@isen-ouest.yncrea.fr', '2017-05-24 17:39:40', ' Le taux de CO2 est dangereusement haut ! (1018ppm)'),
(281, 1, 'Chuck.Norris@isen-ouest.yncrea.fr', '2017-05-24 17:40:40', ' Le taux de CO2 est dangereusement haut ! (1140ppm)'),
(282, 1, 'Chuck.Norris@isen-ouest.yncrea.fr', '2017-05-24 17:42:40', ' Le taux de CO2 est dangereusement haut ! (1017ppm)'),
(283, 1, 'Chuck.Norris@isen-ouest.yncrea.fr', '2017-05-24 17:43:40', ' Le taux de CO2 est dangereusement haut ! (1003ppm)'),
(284, 1, 'Chuck.Norris@isen-ouest.yncrea.fr', '2017-05-24 17:44:40', ' Le taux de CO2 est dangereusement haut ! (1168ppm)'),
(300, 2, 'Steven.Seagal@isen-ouest.yncrea.fr', '2017-05-29 10:36:47', ' Le taux de CO2 est dangereusement haut ! (1078ppm)'),
(301, 2, 'Steven.Seagal@isen-ouest.yncrea.fr', '2017-05-29 10:36:47', ' Le taux de CO2 est dangereusement haut ! (1078ppm)'),
(302, 2, 'Steven.Seagal@isen-ouest.yncrea.fr', '2017-05-29 10:37:47', ' Le taux de CO2 est dangereusement haut ! (1044ppm)'),
(303, 2, 'Steven.Seagal@isen-ouest.yncrea.fr', '2017-05-29 10:37:47', ' Le taux de CO2 est dangereusement haut ! (1044ppm)'),
(304, 2, 'Steven.Seagal@isen-ouest.yncrea.fr', '2017-05-29 10:38:47', ' Le taux de CO2 est dangereusement haut ! (1060ppm)'),
(305, 2, 'Steven.Seagal@isen-ouest.yncrea.fr', '2017-05-29 10:38:47', ' Le taux de CO2 est dangereusement haut ! (1060ppm)'),
(306, 2, 'Steven.Seagal@isen-ouest.yncrea.fr', '2017-05-29 10:39:47', ' Le taux de CO2 est dangereusement haut ! (1096ppm)'),
(307, 2, 'Steven.Seagal@isen-ouest.yncrea.fr', '2017-05-29 10:39:47', ' Le taux de CO2 est dangereusement haut ! (1096ppm)'),
(308, 2, 'Steven.Seagal@isen-ouest.yncrea.fr', '2017-05-29 10:40:47', ' Le taux de CO2 est dangereusement haut ! (1068ppm)'),
(309, 2, 'Steven.Seagal@isen-ouest.yncrea.fr', '2017-05-29 10:40:47', ' Le taux de CO2 est dangereusement haut ! (1068ppm)'),
(310, 2, 'Steven.Seagal@isen-ouest.yncrea.fr', '2017-05-29 10:41:47', ' Le taux de CO2 est dangereusement haut ! (1087ppm)'),
(311, 2, 'Steven.Seagal@isen-ouest.yncrea.fr', '2017-05-29 10:41:47', ' Le taux de CO2 est dangereusement haut ! (1087ppm)'),
(312, 2, 'Steven.Seagal@isen-ouest.yncrea.fr', '2017-05-29 10:43:47', ' Le taux de CO2 est dangereusement haut ! (1090ppm)'),
(313, 2, 'Steven.Seagal@isen-ouest.yncrea.fr', '2017-05-29 10:43:47', ' Le taux de CO2 est dangereusement haut ! (1090ppm)'),
(314, 2, 'Steven.Seagal@isen-ouest.yncrea.fr', '2017-05-29 10:44:47', ' Le taux de CO2 est dangereusement haut ! (1098ppm)'),
(315, 2, 'Steven.Seagal@isen-ouest.yncrea.fr', '2017-05-29 10:44:47', ' Le taux de CO2 est dangereusement haut ! (1098ppm)'),
(316, 2, 'Steven.Seagal@isen-ouest.yncrea.fr', '2017-05-29 10:45:47', ' Le taux de CO2 est dangereusement haut ! (1063ppm)'),
(317, 2, 'Steven.Seagal@isen-ouest.yncrea.fr', '2017-05-29 10:45:47', ' Le taux de CO2 est dangereusement haut ! (1063ppm)'),
(318, 2, 'Steven.Seagal@isen-ouest.yncrea.fr', '2017-05-29 10:46:47', ' Le taux de CO2 est dangereusement haut ! (1056ppm)'),
(319, 2, 'Steven.Seagal@isen-ouest.yncrea.fr', '2017-05-29 10:46:47', ' Le taux de CO2 est dangereusement haut ! (1056ppm)'),
(320, 2, 'Steven.Seagal@isen-ouest.yncrea.fr', '2017-05-29 10:47:47', ' Le taux de CO2 est dangereusement haut ! (1074ppm)'),
(321, 2, 'Steven.Seagal@isen-ouest.yncrea.fr', '2017-05-29 10:47:47', ' Le taux de CO2 est dangereusement haut ! (1074ppm)'),
(322, 2, 'Steven.Seagal@isen-ouest.yncrea.fr', '2017-05-29 10:48:47', ' Le taux de CO2 est dangereusement haut ! (1039ppm)'),
(323, 2, 'Steven.Seagal@isen-ouest.yncrea.fr', '2017-05-29 10:48:47', ' Le taux de CO2 est dangereusement haut ! (1039ppm)'),
(324, 2, 'Steven.Seagal@isen-ouest.yncrea.fr', '2017-05-29 10:49:47', ' Le taux de CO2 est dangereusement haut ! (1062ppm)'),
(325, 2, 'Steven.Seagal@isen-ouest.yncrea.fr', '2017-05-29 10:49:47', ' Le taux de CO2 est dangereusement haut ! (1062ppm)'),
(326, 2, 'Steven.Seagal@isen-ouest.yncrea.fr', '2017-05-29 10:50:47', ' Le taux de CO2 est dangereusement haut ! (1099ppm)'),
(327, 2, 'Steven.Seagal@isen-ouest.yncrea.fr', '2017-05-29 10:50:47', ' Le taux de CO2 est dangereusement haut ! (1099ppm)'),
(328, 2, 'Steven.Seagal@isen-ouest.yncrea.fr', '2017-05-29 10:51:47', ' Le taux de CO2 est dangereusement haut ! (1066ppm)'),
(329, 2, 'Steven.Seagal@isen-ouest.yncrea.fr', '2017-05-29 10:51:47', ' Le taux de CO2 est dangereusement haut ! (1066ppm)'),
(330, 2, 'Steven.Seagal@isen-ouest.yncrea.fr', '2017-05-29 10:56:47', ' Le taux de CO2 est dangereusement haut ! (1111ppm)'),
(331, 2, 'Steven.Seagal@isen-ouest.yncrea.fr', '2017-05-29 10:56:47', ' Le taux de CO2 est dangereusement haut ! (1111ppm)'),
(332, 2, 'Steven.Seagal@isen-ouest.yncrea.fr', '2017-05-29 10:57:47', ' Le taux de CO2 est dangereusement haut ! (1083ppm)'),
(333, 2, 'Steven.Seagal@isen-ouest.yncrea.fr', '2017-05-29 10:57:47', ' Le taux de CO2 est dangereusement haut ! (1083ppm)'),
(334, 2, 'Steven.Seagal@isen-ouest.yncrea.fr', '2017-05-29 10:58:47', ' Le taux de CO2 est dangereusement haut ! (1081ppm)'),
(335, 2, 'Steven.Seagal@isen-ouest.yncrea.fr', '2017-05-29 10:58:47', ' Le taux de CO2 est dangereusement haut ! (1081ppm)'),
(336, 2, 'Steven.Seagal@isen-ouest.yncrea.fr', '2017-05-29 11:02:47', ' Le taux de CO2 est dangereusement haut ! (1074ppm)'),
(337, 2, 'Steven.Seagal@isen-ouest.yncrea.fr', '2017-05-29 11:02:47', ' Le taux de CO2 est dangereusement haut ! (1074ppm)'),
(338, 2, 'Steven.Seagal@isen-ouest.yncrea.fr', '2017-05-29 11:06:47', ' Le taux de CO2 est dangereusement haut ! (1045ppm)'),
(339, 2, 'Steven.Seagal@isen-ouest.yncrea.fr', '2017-05-29 11:06:47', ' Le taux de CO2 est dangereusement haut ! (1045ppm)'),
(340, 2, 'Steven.Seagal@isen-ouest.yncrea.fr', '2017-05-29 11:07:47', ' Le taux de CO2 est dangereusement haut ! (1120ppm)'),
(341, 2, 'Steven.Seagal@isen-ouest.yncrea.fr', '2017-05-29 11:07:47', ' Le taux de CO2 est dangereusement haut ! (1120ppm)'),
(342, 2, 'Steven.Seagal@isen-ouest.yncrea.fr', '2017-05-29 11:08:47', ' Le taux de CO2 est dangereusement haut ! (1102ppm)'),
(343, 2, 'Steven.Seagal@isen-ouest.yncrea.fr', '2017-05-29 11:08:47', ' Le taux de CO2 est dangereusement haut ! (1102ppm)'),
(344, 2, 'Steven.Seagal@isen-ouest.yncrea.fr', '2017-05-29 11:12:47', ' Le taux de CO2 est dangereusement haut ! (1114ppm)'),
(345, 2, 'Steven.Seagal@isen-ouest.yncrea.fr', '2017-05-29 11:13:47', ' Le taux de CO2 est dangereusement haut ! (1051ppm)'),
(346, 2, 'Steven.Seagal@isen-ouest.yncrea.fr', '2017-05-29 11:14:47', ' Le taux de CO2 est dangereusement haut ! (1059ppm)'),
(347, 2, 'Steven.Seagal@isen-ouest.yncrea.fr', '2017-05-29 11:15:47', ' Le taux de CO2 est dangereusement haut ! (1054ppm)'),
(348, 2, 'Steven.Seagal@isen-ouest.yncrea.fr', '2017-05-29 11:16:47', ' Le taux de CO2 est dangereusement haut ! (1023ppm)'),
(349, 2, 'Steven.Seagal@isen-ouest.yncrea.fr', '2017-05-29 11:17:47', ' Le taux de CO2 est dangereusement haut ! (1051ppm)'),
(350, 2, 'Steven.Seagal@isen-ouest.yncrea.fr', '2017-05-29 11:18:47', ' Le taux de CO2 est dangereusement haut ! (1020ppm)'),
(360, 2, 'Steven.Seagal@isen-ouest.yncrea.fr', '2017-05-29 11:35:47', ' Le taux de CO2 est dangereusement haut ! (1126ppm)'),
(361, 2, 'Steven.Seagal@isen-ouest.yncrea.fr', '2017-05-29 11:36:47', ' Le taux de CO2 est dangereusement haut ! (1098ppm)'),
(362, 1, 'Chuck.Norris@isen-ouest.yncrea.fr', '2017-05-29 11:37:43', ' Humidité trop importante ! (71)'),
(363, 2, 'Steven.Seagal@isen-ouest.yncrea.fr', '2017-05-29 11:37:47', ' Le taux de CO2 est dangereusement haut ! (1074ppm)'),
(364, 2, 'Steven.Seagal@isen-ouest.yncrea.fr', '2017-05-29 11:38:47', ' Le taux de CO2 est dangereusement haut ! (1131ppm)'),
(365, 1, 'Chuck.Norris@isen-ouest.yncrea.fr', '2017-05-29 11:39:43', ' Humidité trop importante ! (71)'),
(366, 2, 'Steven.Seagal@isen-ouest.yncrea.fr', '2017-05-29 11:39:47', ' Le taux de CO2 est dangereusement haut ! (1053ppm)'),
(367, 2, 'Steven.Seagal@isen-ouest.yncrea.fr', '2017-05-29 11:40:47', ' Le taux de CO2 est dangereusement haut ! (1077ppm)'),
(368, 1, 'Chuck.Norris@isen-ouest.yncrea.fr', '2017-05-29 11:41:43', ' Humidité trop importante ! (76)'),
(369, 2, 'Steven.Seagal@isen-ouest.yncrea.fr', '2017-05-29 11:41:47', ' Le taux de CO2 est dangereusement haut ! (1098ppm)'),
(370, 1, 'Chuck.Norris@isen-ouest.yncrea.fr', '2017-05-29 11:42:43', ' Humidité trop importante ! (70)'),
(371, 2, 'Steven.Seagal@isen-ouest.yncrea.fr', '2017-05-29 11:42:47', ' Le taux de CO2 est dangereusement haut ! (1050ppm)'),
(372, 1, 'Chuck.Norris@isen-ouest.yncrea.fr', '2017-05-29 11:44:43', ' Humidité trop importante ! (77)'),
(373, 2, 'Steven.Seagal@isen-ouest.yncrea.fr', '2017-05-29 11:44:48', ' Le taux de CO2 est dangereusement haut ! (1027ppm)'),
(374, 1, 'Chuck.Norris@isen-ouest.yncrea.fr', '2017-05-29 11:45:43', ' Humidité trop importante ! (71)'),
(375, 2, 'Steven.Seagal@isen-ouest.yncrea.fr', '2017-05-29 11:45:48', ' Le taux de CO2 est dangereusement haut ! (1056ppm)'),
(376, 1, 'Chuck.Norris@isen-ouest.yncrea.fr', '2017-05-29 11:46:43', ' Humidité trop importante ! (73)'),
(377, 1, 'Chuck.Norris@isen-ouest.yncrea.fr', '2017-05-29 11:46:43', ' La temperature est trop basse ! (15°C)'),
(378, 2, 'Steven.Seagal@isen-ouest.yncrea.fr', '2017-05-29 11:46:48', ' Le taux de CO2 est dangereusement haut ! (1071ppm)'),
(379, 2, 'Steven.Seagal@isen-ouest.yncrea.fr', '2017-05-29 11:47:48', ' Le taux de CO2 est dangereusement haut ! (1074ppm)'),
(380, 1, 'Chuck.Norris@isen-ouest.yncrea.fr', '2017-05-29 11:48:43', ' Humidité trop importante ! (71)'),
(381, 2, 'Steven.Seagal@isen-ouest.yncrea.fr', '2017-05-29 11:48:48', ' Le taux de CO2 est dangereusement haut ! (1092ppm)'),
(382, 2, 'Steven.Seagal@isen-ouest.yncrea.fr', '2017-05-29 11:49:48', ' Le taux de CO2 est dangereusement haut ! (1021ppm)'),
(383, 2, 'Steven.Seagal@isen-ouest.yncrea.fr', '2017-05-29 11:50:48', ' Le taux de CO2 est dangereusement haut ! (1090ppm)'),
(384, 1, 'Chuck.Norris@isen-ouest.yncrea.fr', '2017-05-29 15:08:43', ' Humidité trop importante ! (70)'),
(385, 1, 'Chuck.Norris@isen-ouest.yncrea.fr', '2017-05-29 15:09:43', ' Humidité trop importante ! (72)'),
(386, 1, 'Chuck.Norris@isen-ouest.yncrea.fr', '2017-05-29 15:09:43', ' La temperature est trop basse ! (15°C)'),
(387, 1, 'Chuck.Norris@isen-ouest.yncrea.fr', '2017-05-29 15:10:43', ' Humidité trop importante ! (71)'),
(388, 1, 'Chuck.Norris@isen-ouest.yncrea.fr', '2017-05-29 15:10:43', ' La temperature est trop basse ! (17°C)'),
(389, 1, 'Chuck.Norris@isen-ouest.yncrea.fr', '2017-05-29 15:11:43', ' Humidité trop importante ! (73)'),
(390, 1, 'Chuck.Norris@isen-ouest.yncrea.fr', '2017-05-29 15:11:43', ' La temperature est trop basse ! (16°C)'),
(391, 2, 'Steven.Seagal@isen-ouest.yncrea.fr', '2017-05-29 15:11:48', ' Le taux de CO2 est dangereusement haut ! (1122ppm)'),
(392, 1, 'Chuck.Norris@isen-ouest.yncrea.fr', '2017-05-29 15:12:43', ' Humidité trop importante ! (78)'),
(393, 2, 'Steven.Seagal@isen-ouest.yncrea.fr', '2017-05-29 15:12:48', ' Le taux de CO2 est dangereusement haut ! (1087ppm)'),
(394, 1, 'Chuck.Norris@isen-ouest.yncrea.fr', '2017-05-29 15:13:43', ' Humidité trop importante ! (76)'),
(395, 2, 'Steven.Seagal@isen-ouest.yncrea.fr', '2017-05-29 15:13:48', ' Le taux de CO2 est dangereusement haut ! (1078ppm)'),
(396, 1, 'Chuck.Norris@isen-ouest.yncrea.fr', '2017-05-29 15:14:43', ' Humidité trop importante ! (70)'),
(397, 2, 'Steven.Seagal@isen-ouest.yncrea.fr', '2017-05-29 15:14:48', ' Le taux de CO2 est dangereusement haut ! (1086ppm)'),
(398, 2, 'Steven.Seagal@isen-ouest.yncrea.fr', '2017-05-29 15:15:48', ' Le taux de CO2 est dangereusement haut ! (1114ppm)'),
(399, 2, 'Steven.Seagal@isen-ouest.yncrea.fr', '2017-05-29 15:16:48', ' Le taux de CO2 est dangereusement haut ! (1099ppm)'),
(400, 1, 'Chuck.Norris@isen-ouest.yncrea.fr', '2017-05-29 15:17:43', ' Humidité trop importante ! (76)'),
(401, 1, 'Chuck.Norris@isen-ouest.yncrea.fr', '2017-05-29 15:17:43', ' La temperature est trop basse ! (16°C)'),
(402, 2, 'Steven.Seagal@isen-ouest.yncrea.fr', '2017-05-29 15:17:48', ' Le taux de CO2 est dangereusement haut ! (1126ppm)'),
(403, 2, 'Steven.Seagal@isen-ouest.yncrea.fr', '2017-05-29 15:18:48', ' Le taux de CO2 est dangereusement haut ! (1029ppm)'),
(404, 2, 'Steven.Seagal@isen-ouest.yncrea.fr', '2017-05-29 15:19:48', ' Le taux de CO2 est dangereusement haut ! (1149ppm)'),
(405, 2, 'Steven.Seagal@isen-ouest.yncrea.fr', '2017-05-29 15:20:48', ' Le taux de CO2 est dangereusement haut ! (1086ppm)'),
(406, 2, 'Steven.Seagal@isen-ouest.yncrea.fr', '2017-05-29 15:21:48', ' Le taux de CO2 est dangereusement haut ! (1026ppm)'),
(407, 1, 'Chuck.Norris@isen-ouest.yncrea.fr', '2017-05-29 15:22:43', ' Humidité trop importante ! (77)'),
(408, 1, 'Chuck.Norris@isen-ouest.yncrea.fr', '2017-05-29 15:22:43', ' La temperature est trop basse ! (17°C)'),
(409, 2, 'Steven.Seagal@isen-ouest.yncrea.fr', '2017-05-29 15:22:48', ' Le taux de CO2 est dangereusement haut ! (1038ppm)'),
(410, 2, 'Steven.Seagal@isen-ouest.yncrea.fr', '2017-05-29 15:23:48', ' Le taux de CO2 est dangereusement haut ! (1104ppm)'),
(411, 2, 'Steven.Seagal@isen-ouest.yncrea.fr', '2017-05-29 15:24:48', ' Le taux de CO2 est dangereusement haut ! (1071ppm)'),
(412, 1, 'Chuck.Norris@isen-ouest.yncrea.fr', '2017-05-29 15:25:43', ' Humidité trop importante ! (70)'),
(413, 2, 'Steven.Seagal@isen-ouest.yncrea.fr', '2017-05-29 15:25:48', ' Le taux de CO2 est dangereusement haut ! (1059ppm)'),
(414, 1, 'Chuck.Norris@isen-ouest.yncrea.fr', '2017-05-29 15:26:43', ' Humidité trop importante ! (74)'),
(415, 2, 'Steven.Seagal@isen-ouest.yncrea.fr', '2017-05-29 15:26:48', ' Le taux de CO2 est dangereusement haut ! (1110ppm)'),
(416, 1, 'Chuck.Norris@isen-ouest.yncrea.fr', '2017-05-29 15:27:43', ' Humidité trop importante ! (73)'),
(417, 2, 'Steven.Seagal@isen-ouest.yncrea.fr', '2017-05-29 15:27:48', ' Le taux de CO2 est dangereusement haut ! (1053ppm)'),
(418, 2, 'Steven.Seagal@isen-ouest.yncrea.fr', '2017-05-29 15:28:48', ' Le taux de CO2 est dangereusement haut ! (1081ppm)'),
(419, 1, 'Chuck.Norris@isen-ouest.yncrea.fr', '2017-05-29 15:29:43', ' Humidité trop importante ! (74)'),
(420, 1, 'Chuck.Norris@isen-ouest.yncrea.fr', '2017-05-29 15:29:43', ' La temperature est trop basse ! (17°C)'),
(421, 2, 'Steven.Seagal@isen-ouest.yncrea.fr', '2017-05-29 15:29:48', ' Le taux de CO2 est dangereusement haut ! (1072ppm)'),
(422, 2, 'Steven.Seagal@isen-ouest.yncrea.fr', '2017-05-29 15:30:48', ' Le taux de CO2 est dangereusement haut ! (1098ppm)'),
(423, 1, 'Chuck.Norris@isen-ouest.yncrea.fr', '2017-05-29 15:31:43', ' Humidité trop importante ! (73)'),
(424, 1, 'Chuck.Norris@isen-ouest.yncrea.fr', '2017-05-29 15:32:43', ' Humidité trop importante ! (70)'),
(425, 1, 'Chuck.Norris@isen-ouest.yncrea.fr', '2017-05-29 15:33:43', ' Humidité trop importante ! (70)'),
(426, 1, 'Chuck.Norris@isen-ouest.yncrea.fr', '2017-05-29 15:35:43', ' Humidité trop importante ! (73)'),
(427, 1, 'Chuck.Norris@isen-ouest.yncrea.fr', '2017-05-29 15:35:43', ' La temperature est trop basse ! (17°C)'),
(428, 1, 'Chuck.Norris@isen-ouest.yncrea.fr', '2017-05-29 15:37:43', ' Humidité trop importante ! (72)'),
(429, 1, 'Chuck.Norris@isen-ouest.yncrea.fr', '2017-05-29 15:38:43', ' Humidité trop importante ! (76)'),
(430, 1, 'Chuck.Norris@isen-ouest.yncrea.fr', '2017-05-29 15:39:43', ' Humidité trop importante ! (70)'),
(431, 1, 'Chuck.Norris@isen-ouest.yncrea.fr', '2017-05-29 15:45:43', ' Humidité trop importante ! (70)'),
(432, 1, 'Chuck.Norris@isen-ouest.yncrea.fr', '2017-05-29 15:46:43', ' Humidité trop importante ! (74)'),
(433, 1, 'Chuck.Norris@isen-ouest.yncrea.fr', '2017-05-29 15:47:43', ' La temperature est trop basse ! (14°C)'),
(434, 1, 'Chuck.Norris@isen-ouest.yncrea.fr', '2017-05-29 15:48:43', ' Humidité trop importante ! (70)'),
(435, 1, 'Chuck.Norris@isen-ouest.yncrea.fr', '2017-05-29 15:50:43', ' Humidité trop importante ! (70)'),
(436, 1, 'Chuck.Norris@isen-ouest.yncrea.fr', '2017-05-29 15:51:43', ' Humidité trop importante ! (71)'),
(437, 1, 'Chuck.Norris@isen-ouest.yncrea.fr', '2017-05-29 15:51:43', ' La temperature est trop basse ! (17°C)'),
(438, 1, 'Chuck.Norris@isen-ouest.yncrea.fr', '2017-05-29 15:53:43', ' Humidité trop importante ! (73)'),
(439, 1, 'Chuck.Norris@isen-ouest.yncrea.fr', '2017-05-29 15:54:43', ' Humidité trop importante ! (70)'),
(440, 1, 'Chuck.Norris@isen-ouest.yncrea.fr', '2017-05-29 15:55:43', ' La temperature est trop basse ! (17°C)'),
(441, 1, 'Chuck.Norris@isen-ouest.yncrea.fr', '2017-05-29 15:58:43', ' Humidité trop importante ! (71)'),
(442, 1, 'Chuck.Norris@isen-ouest.yncrea.fr', '2017-05-29 15:59:43', ' La temperature est trop basse ! (17°C)'),
(443, 1, 'Chuck.Norris@isen-ouest.yncrea.fr', '2017-05-29 16:01:43', ' Humidité trop importante ! (71)'),
(444, 1, 'Chuck.Norris@isen-ouest.yncrea.fr', '2017-05-29 16:02:43', ' Humidité trop importante ! (70)');
INSERT INTO `ALERT` (`ID_ALERT`, `ID_ROOM`, `MAIL_USER`, `DTIME`, `DETAIL`) VALUES
(445, 1, 'Chuck.Norris@isen-ouest.yncrea.fr', '2017-05-29 16:03:43', ' Humidité trop importante ! (71)'),
(446, 1, 'Chuck.Norris@isen-ouest.yncrea.fr', '2017-05-29 16:04:43', ' Humidité trop importante ! (74)'),
(447, 1, 'Chuck.Norris@isen-ouest.yncrea.fr', '2017-05-29 16:08:43', ' Humidité trop importante ! (75)'),
(448, 1, 'Chuck.Norris@isen-ouest.yncrea.fr', '2017-05-29 16:09:43', ' Humidité trop importante ! (72)'),
(449, 1, 'Chuck.Norris@isen-ouest.yncrea.fr', '2017-05-29 16:13:43', ' Humidité trop importante ! (70)'),
(450, 1, 'Chuck.Norris@isen-ouest.yncrea.fr', '2017-05-29 16:14:43', ' La temperature est trop basse ! (16°C)'),
(451, 1, 'Chuck.Norris@isen-ouest.yncrea.fr', '2017-05-29 16:15:43', ' Humidité trop importante ! (75)'),
(452, 1, 'Chuck.Norris@isen-ouest.yncrea.fr', '2017-05-29 16:18:43', ' Humidité trop importante ! (73)'),
(453, 1, 'Chuck.Norris@isen-ouest.yncrea.fr', '2017-05-29 16:21:43', ' Humidité trop importante ! (74)'),
(454, 1, 'Chuck.Norris@isen-ouest.yncrea.fr', '2017-05-29 16:24:43', ' Humidité trop importante ! (77)'),
(455, 1, 'Chuck.Norris@isen-ouest.yncrea.fr', '2017-05-29 16:25:43', ' Humidité trop importante ! (71)'),
(456, 1, 'Chuck.Norris@isen-ouest.yncrea.fr', '2017-05-29 16:25:43', ' La temperature est trop basse ! (16°C)'),
(457, 1, 'Chuck.Norris@isen-ouest.yncrea.fr', '2017-05-29 16:29:43', ' Humidité trop importante ! (73)'),
(458, 1, 'Chuck.Norris@isen-ouest.yncrea.fr', '2017-05-29 16:30:43', ' La temperature est trop basse ! (15°C)'),
(459, 1, 'Chuck.Norris@isen-ouest.yncrea.fr', '2017-05-29 16:34:43', ' Humidité trop importante ! (72)'),
(460, 1, 'Chuck.Norris@isen-ouest.yncrea.fr', '2017-05-29 16:39:43', ' Humidité trop importante ! (70)'),
(461, 1, 'Chuck.Norris@isen-ouest.yncrea.fr', '2017-05-29 16:44:43', ' Humidité trop importante ! (70)'),
(462, 1, 'Chuck.Norris@isen-ouest.yncrea.fr', '2017-05-29 16:44:43', ' La temperature est trop basse ! (17°C)'),
(463, 1, 'Chuck.Norris@isen-ouest.yncrea.fr', '2017-05-29 16:46:43', ' Humidité trop importante ! (71)'),
(464, 1, 'Chuck.Norris@isen-ouest.yncrea.fr', '2017-05-29 16:47:43', ' Humidité trop importante ! (72)'),
(465, 1, 'Chuck.Norris@isen-ouest.yncrea.fr', '2017-05-29 16:48:43', ' Humidité trop importante ! (70)'),
(466, 1, 'Chuck.Norris@isen-ouest.yncrea.fr', '2017-05-29 16:49:43', ' Humidité trop importante ! (73)'),
(467, 1, 'Chuck.Norris@isen-ouest.yncrea.fr', '2017-05-29 16:51:43', ' Humidité trop importante ! (70)'),
(468, 1, 'Chuck.Norris@isen-ouest.yncrea.fr', '2017-05-29 16:52:43', ' La temperature est trop basse ! (17°C)'),
(469, 1, 'Chuck.Norris@isen-ouest.yncrea.fr', '2017-05-29 16:53:43', ' Humidité trop importante ! (72)'),
(470, 1, 'Chuck.Norris@isen-ouest.yncrea.fr', '2017-05-29 16:53:43', ' La temperature est trop basse ! (16°C)'),
(471, 1, 'Chuck.Norris@isen-ouest.yncrea.fr', '2017-05-29 16:54:43', ' Humidité trop importante ! (73)'),
(472, 1, 'Chuck.Norris@isen-ouest.yncrea.fr', '2017-05-29 16:55:43', ' La temperature est trop basse ! (16°C)'),
(473, 1, 'Chuck.Norris@isen-ouest.yncrea.fr', '2017-05-29 16:56:43', ' Humidité trop importante ! (72)'),
(474, 1, 'Chuck.Norris@isen-ouest.yncrea.fr', '2017-05-29 16:58:43', ' Humidité trop importante ! (70)'),
(475, 1, 'Chuck.Norris@isen-ouest.yncrea.fr', '2017-05-29 16:59:43', ' Humidité trop importante ! (71)'),
(476, 1, 'Chuck.Norris@isen-ouest.yncrea.fr', '2017-05-29 16:59:43', ' La temperature est trop basse ! (16°C)'),
(477, 1, 'Chuck.Norris@isen-ouest.yncrea.fr', '2017-05-29 17:00:43', ' Humidité trop importante ! (73)'),
(478, 1, 'Chuck.Norris@isen-ouest.yncrea.fr', '2017-05-29 17:02:43', ' Humidité trop importante ! (73)'),
(479, 1, 'Chuck.Norris@isen-ouest.yncrea.fr', '2017-05-29 17:03:43', ' Humidité trop importante ! (72)'),
(480, 1, 'Chuck.Norris@isen-ouest.yncrea.fr', '2017-05-29 17:03:43', ' La temperature est trop basse ! (17°C)'),
(481, 1, 'Chuck.Norris@isen-ouest.yncrea.fr', '2017-05-29 17:06:43', ' Humidité trop importante ! (72)'),
(482, 1, 'Chuck.Norris@isen-ouest.yncrea.fr', '2017-05-29 17:06:43', ' La temperature est trop basse ! (17°C)'),
(483, 1, 'Chuck.Norris@isen-ouest.yncrea.fr', '2017-05-29 17:08:43', ' Humidité trop importante ! (73)'),
(484, 1, 'Chuck.Norris@isen-ouest.yncrea.fr', '2017-05-29 17:08:43', ' Humidité trop importante ! (73)'),
(485, 1, 'Chuck.Norris@isen-ouest.yncrea.fr', '2017-05-29 17:09:43', ' Humidité trop importante ! (72)'),
(486, 1, 'Chuck.Norris@isen-ouest.yncrea.fr', '2017-05-29 17:09:43', ' Humidité trop importante ! (72)'),
(487, 1, 'Chuck.Norris@isen-ouest.yncrea.fr', '2017-05-29 17:10:43', ' Humidité trop importante ! (72)'),
(488, 1, 'Chuck.Norris@isen-ouest.yncrea.fr', '2017-05-29 17:12:43', ' Humidité trop importante ! (77)'),
(489, 1, 'Chuck.Norris@isen-ouest.yncrea.fr', '2017-05-29 17:13:43', ' Humidité trop importante ! (74)'),
(490, 2, 'Steven.Seagal@isen-ouest.yncrea.fr', '2017-05-29 17:16:48', ' Le taux de CO2 est dangereusement haut ! (1102ppm)'),
(491, 1, 'Chuck.Norris@isen-ouest.yncrea.fr', '2017-05-29 17:18:43', ' Humidité trop importante ! (70)'),
(492, 1, 'Chuck.Norris@isen-ouest.yncrea.fr', '2017-05-29 17:24:43', ' La temperature est trop basse ! (17°C)'),
(493, 1, 'Chuck.Norris@isen-ouest.yncrea.fr', '2017-05-29 17:25:43', ' Humidité trop importante ! (74)'),
(494, 1, 'Chuck.Norris@isen-ouest.yncrea.fr', '2017-05-29 17:25:43', ' La temperature est trop basse ! (16°C)'),
(495, 2, 'Steven.Seagal@isen-ouest.yncrea.fr', '2017-05-29 17:25:48', ' Le taux de CO2 est dangereusement haut ! (1101ppm)'),
(496, 2, 'Steven.Seagal@isen-ouest.yncrea.fr', '2017-05-29 17:26:48', ' Le taux de CO2 est dangereusement haut ! (1107ppm)'),
(497, 2, 'Steven.Seagal@isen-ouest.yncrea.fr', '2017-05-29 17:27:48', ' Le taux de CO2 est dangereusement haut ! (1098ppm)'),
(498, 2, 'Steven.Seagal@isen-ouest.yncrea.fr', '2017-05-29 17:28:48', ' Le taux de CO2 est dangereusement haut ! (1072ppm)'),
(499, 2, 'Steven.Seagal@isen-ouest.yncrea.fr', '2017-05-29 17:29:48', ' Le taux de CO2 est dangereusement haut ! (1056ppm)'),
(500, 1, 'Chuck.Norris@isen-ouest.yncrea.fr', '2017-05-29 17:30:43', ' Humidité trop importante ! (71)'),
(501, 1, 'Chuck.Norris@isen-ouest.yncrea.fr', '2017-05-29 17:30:43', ' La temperature est trop basse ! (17°C)'),
(502, 2, 'Steven.Seagal@isen-ouest.yncrea.fr', '2017-05-29 17:30:48', ' Le taux de CO2 est dangereusement haut ! (1066ppm)'),
(503, 1, 'Chuck.Norris@isen-ouest.yncrea.fr', '2017-05-29 17:31:43', ' Humidité trop importante ! (70)'),
(504, 2, 'Steven.Seagal@isen-ouest.yncrea.fr', '2017-05-29 17:31:48', ' Le taux de CO2 est dangereusement haut ! (1092ppm)'),
(505, 2, 'Steven.Seagal@isen-ouest.yncrea.fr', '2017-05-29 17:32:48', ' Le taux de CO2 est dangereusement haut ! (1057ppm)'),
(506, 1, 'Chuck.Norris@isen-ouest.yncrea.fr', '2017-05-29 17:33:43', ' Humidité trop importante ! (77)'),
(507, 2, 'Steven.Seagal@isen-ouest.yncrea.fr', '2017-05-29 17:33:48', ' Le taux de CO2 est dangereusement haut ! (1072ppm)'),
(508, 2, 'Steven.Seagal@isen-ouest.yncrea.fr', '2017-05-29 17:34:48', ' Le taux de CO2 est dangereusement haut ! (1123ppm)'),
(509, 1, 'Chuck.Norris@isen-ouest.yncrea.fr', '2017-05-29 17:35:43', ' La temperature est trop basse ! (17°C)'),
(510, 2, 'Steven.Seagal@isen-ouest.yncrea.fr', '2017-05-29 17:35:48', ' Le taux de CO2 est dangereusement haut ! (1101ppm)'),
(511, 1, 'Chuck.Norris@isen-ouest.yncrea.fr', '2017-05-29 17:36:43', ' Humidité trop importante ! (75)'),
(512, 2, 'Steven.Seagal@isen-ouest.yncrea.fr', '2017-05-29 17:36:48', ' Le taux de CO2 est dangereusement haut ! (1069ppm)'),
(513, 1, 'Chuck.Norris@isen-ouest.yncrea.fr', '2017-05-29 17:37:43', ' La temperature est trop basse ! (16°C)'),
(514, 2, 'Steven.Seagal@isen-ouest.yncrea.fr', '2017-05-29 17:37:48', ' Le taux de CO2 est dangereusement haut ! (1069ppm)'),
(515, 2, 'Steven.Seagal@isen-ouest.yncrea.fr', '2017-05-29 17:38:48', ' Le taux de CO2 est dangereusement haut ! (1072ppm)'),
(516, 2, 'Steven.Seagal@isen-ouest.yncrea.fr', '2017-05-29 17:39:48', ' Le taux de CO2 est dangereusement haut ! (1065ppm)'),
(517, 2, 'Steven.Seagal@isen-ouest.yncrea.fr', '2017-05-29 17:40:48', ' Le taux de CO2 est dangereusement haut ! (1054ppm)'),
(518, 1, 'Chuck.Norris@isen-ouest.yncrea.fr', '2017-05-29 17:41:43', ' Humidité trop importante ! (71)'),
(519, 2, 'Steven.Seagal@isen-ouest.yncrea.fr', '2017-05-29 17:41:48', ' Le taux de CO2 est dangereusement haut ! (1119ppm)'),
(520, 1, 'Chuck.Norris@isen-ouest.yncrea.fr', '2017-05-29 17:42:43', ' Humidité trop importante ! (74)'),
(521, 2, 'Steven.Seagal@isen-ouest.yncrea.fr', '2017-05-29 17:42:48', ' Le taux de CO2 est dangereusement haut ! (1077ppm)'),
(522, 2, 'Steven.Seagal@isen-ouest.yncrea.fr', '2017-05-29 17:43:48', ' Le taux de CO2 est dangereusement haut ! (1104ppm)'),
(523, 2, 'Steven.Seagal@isen-ouest.yncrea.fr', '2017-05-29 17:44:48', ' Le taux de CO2 est dangereusement haut ! (1041ppm)'),
(524, 1, 'Chuck.Norris@isen-ouest.yncrea.fr', '2017-05-29 17:45:43', ' Humidité trop importante ! (73)'),
(525, 1, 'Chuck.Norris@isen-ouest.yncrea.fr', '2017-05-29 17:45:43', ' La temperature est trop basse ! (16°C)'),
(526, 2, 'Steven.Seagal@isen-ouest.yncrea.fr', '2017-05-29 17:45:48', ' Le taux de CO2 est dangereusement haut ! (1086ppm)'),
(527, 2, 'Steven.Seagal@isen-ouest.yncrea.fr', '2017-05-29 17:46:48', ' Le taux de CO2 est dangereusement haut ! (1116ppm)'),
(528, 1, 'Chuck.Norris@isen-ouest.yncrea.fr', '2017-05-29 17:47:43', ' Humidité trop importante ! (74)'),
(529, 1, 'Chuck.Norris@isen-ouest.yncrea.fr', '2017-05-29 17:47:43', ' La temperature est trop basse ! (16°C)'),
(530, 2, 'Steven.Seagal@isen-ouest.yncrea.fr', '2017-05-29 17:47:48', ' Le taux de CO2 est dangereusement haut ! (1099ppm)'),
(531, 2, 'Steven.Seagal@isen-ouest.yncrea.fr', '2017-05-29 17:48:48', ' Le taux de CO2 est dangereusement haut ! (1023ppm)'),
(532, 1, 'Chuck.Norris@isen-ouest.yncrea.fr', '2017-05-29 17:49:43', ' La temperature est trop basse ! (17°C)'),
(533, 2, 'Steven.Seagal@isen-ouest.yncrea.fr', '2017-05-29 17:49:48', ' Le taux de CO2 est dangereusement haut ! (1072ppm)'),
(534, 1, 'Chuck.Norris@isen-ouest.yncrea.fr', '2017-05-29 17:50:43', ' Humidité trop importante ! (76)'),
(535, 1, 'Chuck.Norris@isen-ouest.yncrea.fr', '2017-05-29 17:50:43', ' La temperature est trop basse ! (16°C)'),
(536, 2, 'Steven.Seagal@isen-ouest.yncrea.fr', '2017-05-29 17:50:48', ' Le taux de CO2 est dangereusement haut ! (1072ppm)'),
(537, 2, 'Steven.Seagal@isen-ouest.yncrea.fr', '2017-05-29 17:51:48', ' Le taux de CO2 est dangereusement haut ! (1078ppm)'),
(538, 2, 'Steven.Seagal@isen-ouest.yncrea.fr', '2017-05-29 17:52:48', ' Le taux de CO2 est dangereusement haut ! (1083ppm)'),
(539, 2, 'Steven.Seagal@isen-ouest.yncrea.fr', '2017-05-29 17:53:48', ' Le taux de CO2 est dangereusement haut ! (1089ppm)'),
(540, 2, 'Steven.Seagal@isen-ouest.yncrea.fr', '2017-05-29 17:54:48', ' Le taux de CO2 est dangereusement haut ! (1086ppm)'),
(541, 1, 'Chuck.Norris@isen-ouest.yncrea.fr', '2017-05-29 17:55:43', ' La temperature est trop basse ! (17°C)'),
(542, 2, 'Steven.Seagal@isen-ouest.yncrea.fr', '2017-05-29 17:55:48', ' Le taux de CO2 est dangereusement haut ! (1050ppm)'),
(543, 2, 'Steven.Seagal@isen-ouest.yncrea.fr', '2017-05-29 17:56:48', ' Le taux de CO2 est dangereusement haut ! (1045ppm)'),
(544, 2, 'Steven.Seagal@isen-ouest.yncrea.fr', '2017-05-29 17:57:48', ' Le taux de CO2 est dangereusement haut ! (1066ppm)'),
(545, 2, 'Steven.Seagal@isen-ouest.yncrea.fr', '2017-05-29 17:58:48', ' Le taux de CO2 est dangereusement haut ! (1107ppm)'),
(546, 2, 'Steven.Seagal@isen-ouest.yncrea.fr', '2017-05-29 17:59:48', ' Le taux de CO2 est dangereusement haut ! (1075ppm)'),
(547, 2, 'Steven.Seagal@isen-ouest.yncrea.fr', '2017-05-29 18:00:48', ' Le taux de CO2 est dangereusement haut ! (1081ppm)'),
(548, 1, 'Chuck.Norris@isen-ouest.yncrea.fr', '2017-05-29 18:01:43', ' Humidité trop importante ! (75)'),
(549, 2, 'Steven.Seagal@isen-ouest.yncrea.fr', '2017-05-29 18:01:48', ' Le taux de CO2 est dangereusement haut ! (1056ppm)'),
(550, 2, 'Steven.Seagal@isen-ouest.yncrea.fr', '2017-05-29 18:02:48', ' Le taux de CO2 est dangereusement haut ! (1101ppm)'),
(551, 2, 'Steven.Seagal@isen-ouest.yncrea.fr', '2017-05-29 18:03:48', ' Le taux de CO2 est dangereusement haut ! (1074ppm)'),
(552, 2, 'Steven.Seagal@isen-ouest.yncrea.fr', '2017-05-29 18:04:48', ' Le taux de CO2 est dangereusement haut ! (1071ppm)'),
(553, 1, 'Chuck.Norris@isen-ouest.yncrea.fr', '2017-05-29 18:05:43', ' La temperature est trop basse ! (17°C)'),
(554, 2, 'Steven.Seagal@isen-ouest.yncrea.fr', '2017-05-29 18:05:48', ' Le taux de CO2 est dangereusement haut ! (1083ppm)'),
(555, 1, 'Chuck.Norris@isen-ouest.yncrea.fr', '2017-05-29 18:06:43', ' Humidité trop importante ! (71)'),
(556, 2, 'Steven.Seagal@isen-ouest.yncrea.fr', '2017-05-29 18:06:48', ' Le taux de CO2 est dangereusement haut ! (1095ppm)'),
(557, 2, 'Steven.Seagal@isen-ouest.yncrea.fr', '2017-05-29 18:07:48', ' Le taux de CO2 est dangereusement haut ! (1095ppm)'),
(558, 2, 'Steven.Seagal@isen-ouest.yncrea.fr', '2017-05-29 18:08:48', ' Le taux de CO2 est dangereusement haut ! (1110ppm)'),
(559, 1, 'Chuck.Norris@isen-ouest.yncrea.fr', '2017-05-29 18:09:43', ' Humidité trop importante ! (75)'),
(560, 2, 'Steven.Seagal@isen-ouest.yncrea.fr', '2017-05-29 18:09:48', ' Le taux de CO2 est dangereusement haut ! (1098ppm)'),
(561, 1, 'Chuck.Norris@isen-ouest.yncrea.fr', '2017-05-29 18:10:43', ' La temperature est trop basse ! (14°C)'),
(562, 2, 'Steven.Seagal@isen-ouest.yncrea.fr', '2017-05-29 18:10:48', ' Le taux de CO2 est dangereusement haut ! (1090ppm)'),
(563, 1, 'Chuck.Norris@isen-ouest.yncrea.fr', '2017-05-29 18:11:43', ' Humidité trop importante ! (71)'),
(564, 1, 'Chuck.Norris@isen-ouest.yncrea.fr', '2017-05-29 18:11:43', ' La temperature est trop basse ! (17°C)'),
(565, 2, 'Steven.Seagal@isen-ouest.yncrea.fr', '2017-05-29 18:11:48', ' Le taux de CO2 est dangereusement haut ! (1080ppm)'),
(566, 1, 'Chuck.Norris@isen-ouest.yncrea.fr', '2017-05-29 18:12:43', ' Humidité trop importante ! (76)'),
(567, 2, 'Steven.Seagal@isen-ouest.yncrea.fr', '2017-05-29 18:12:48', ' Le taux de CO2 est dangereusement haut ! (1072ppm)'),
(568, 1, 'Chuck.Norris@isen-ouest.yncrea.fr', '2017-05-29 18:13:43', ' Humidité trop importante ! (73)'),
(569, 2, 'Steven.Seagal@isen-ouest.yncrea.fr', '2017-05-29 18:13:48', ' Le taux de CO2 est dangereusement haut ! (1087ppm)'),
(570, 1, 'Chuck.Norris@isen-ouest.yncrea.fr', '2017-05-29 18:14:43', ' Humidité trop importante ! (76)'),
(571, 2, 'Steven.Seagal@isen-ouest.yncrea.fr', '2017-05-29 18:14:48', ' Le taux de CO2 est dangereusement haut ! (1035ppm)'),
(572, 1, 'Chuck.Norris@isen-ouest.yncrea.fr', '2017-05-29 18:15:43', ' Humidité trop importante ! (71)'),
(573, 1, 'Chuck.Norris@isen-ouest.yncrea.fr', '2017-05-29 18:15:43', ' La temperature est trop basse ! (17°C)'),
(574, 2, 'Steven.Seagal@isen-ouest.yncrea.fr', '2017-05-29 18:15:48', ' Le taux de CO2 est dangereusement haut ! (1068ppm)'),
(575, 1, 'Chuck.Norris@isen-ouest.yncrea.fr', '2017-05-29 18:16:43', ' La temperature est trop basse ! (14°C)'),
(576, 2, 'Steven.Seagal@isen-ouest.yncrea.fr', '2017-05-29 18:16:48', ' Le taux de CO2 est dangereusement haut ! (1078ppm)'),
(577, 1, 'Chuck.Norris@isen-ouest.yncrea.fr', '2017-05-29 18:17:43', ' Humidité trop importante ! (72)'),
(578, 2, 'Steven.Seagal@isen-ouest.yncrea.fr', '2017-05-29 18:17:48', ' Le taux de CO2 est dangereusement haut ! (1104ppm)'),
(579, 1, 'Chuck.Norris@isen-ouest.yncrea.fr', '2017-05-29 18:18:43', ' La temperature est trop basse ! (13°C)'),
(580, 2, 'Steven.Seagal@isen-ouest.yncrea.fr', '2017-05-29 18:18:48', ' Le taux de CO2 est dangereusement haut ! (1032ppm)'),
(581, 1, 'Chuck.Norris@isen-ouest.yncrea.fr', '2017-05-29 18:21:43', ' Humidité trop importante ! (73)'),
(582, 1, 'Chuck.Norris@isen-ouest.yncrea.fr', '2017-05-29 18:21:43', ' La temperature est trop basse ! (13°C)'),
(583, 1, 'Chuck.Norris@isen-ouest.yncrea.fr', '2017-05-29 18:22:43', ' Humidité trop importante ! (71)'),
(584, 1, 'Chuck.Norris@isen-ouest.yncrea.fr', '2017-05-29 18:23:43', ' Humidité trop importante ! (78)'),
(585, 2, 'Steven.Seagal@isen-ouest.yncrea.fr', '2017-05-29 18:23:48', ' Le taux de CO2 est dangereusement haut ! (1134ppm)'),
(586, 1, 'Chuck.Norris@isen-ouest.yncrea.fr', '2017-05-29 18:24:43', ' Humidité trop importante ! (71)'),
(587, 1, 'Chuck.Norris@isen-ouest.yncrea.fr', '2017-05-29 18:24:43', ' La temperature est trop basse ! (15°C)'),
(588, 2, 'Steven.Seagal@isen-ouest.yncrea.fr', '2017-05-29 18:24:48', ' Le taux de CO2 est dangereusement haut ! (1119ppm)'),
(589, 1, 'Chuck.Norris@isen-ouest.yncrea.fr', '2017-05-29 18:25:43', ' Humidité trop importante ! (72)'),
(590, 1, 'Chuck.Norris@isen-ouest.yncrea.fr', '2017-05-29 18:25:43', ' La temperature est trop basse ! (17°C)'),
(591, 2, 'Steven.Seagal@isen-ouest.yncrea.fr', '2017-05-29 18:25:48', ' Le taux de CO2 est dangereusement haut ! (1089ppm)'),
(592, 1, 'Chuck.Norris@isen-ouest.yncrea.fr', '2017-05-29 18:26:43', ' Humidité trop importante ! (71)'),
(593, 2, 'Steven.Seagal@isen-ouest.yncrea.fr', '2017-05-29 18:26:48', ' Le taux de CO2 est dangereusement haut ! (1068ppm)'),
(594, 1, 'Chuck.Norris@isen-ouest.yncrea.fr', '2017-05-29 18:27:43', ' Humidité trop importante ! (72)'),
(595, 1, 'Chuck.Norris@isen-ouest.yncrea.fr', '2017-05-29 18:27:43', ' La temperature est trop basse ! (16°C)'),
(596, 2, 'Steven.Seagal@isen-ouest.yncrea.fr', '2017-05-29 18:27:48', ' Le taux de CO2 est dangereusement haut ! (1068ppm)'),
(597, 1, 'Chuck.Norris@isen-ouest.yncrea.fr', '2017-05-29 18:28:43', ' Humidité trop importante ! (70)'),
(598, 2, 'Steven.Seagal@isen-ouest.yncrea.fr', '2017-05-29 18:28:48', ' Le taux de CO2 est dangereusement haut ! (1060ppm)'),
(599, 1, 'Chuck.Norris@isen-ouest.yncrea.fr', '2017-05-29 18:29:43', ' Humidité trop importante ! (74)'),
(600, 1, 'Chuck.Norris@isen-ouest.yncrea.fr', '2017-05-29 18:29:43', ' La temperature est trop basse ! (17°C)'),
(601, 2, 'Steven.Seagal@isen-ouest.yncrea.fr', '2017-05-29 18:29:48', ' Le taux de CO2 est dangereusement haut ! (1089ppm)'),
(602, 1, 'Chuck.Norris@isen-ouest.yncrea.fr', '2017-05-29 18:30:43', ' La temperature est trop basse ! (17°C)'),
(603, 2, 'Steven.Seagal@isen-ouest.yncrea.fr', '2017-05-29 18:30:48', ' Le taux de CO2 est dangereusement haut ! (1066ppm)'),
(604, 1, 'Chuck.Norris@isen-ouest.yncrea.fr', '2017-05-29 18:31:43', ' La temperature est trop basse ! (15°C)'),
(605, 2, 'Steven.Seagal@isen-ouest.yncrea.fr', '2017-05-29 18:31:48', ' Le taux de CO2 est dangereusement haut ! (1054ppm)'),
(606, 1, 'Chuck.Norris@isen-ouest.yncrea.fr', '2017-05-29 18:32:43', ' Humidité trop importante ! (72)'),
(607, 2, 'Steven.Seagal@isen-ouest.yncrea.fr', '2017-05-29 18:32:48', ' Le taux de CO2 est dangereusement haut ! (1063ppm)'),
(608, 1, 'Chuck.Norris@isen-ouest.yncrea.fr', '2017-05-29 18:33:43', ' La temperature est trop basse ! (17°C)'),
(609, 2, 'Steven.Seagal@isen-ouest.yncrea.fr', '2017-05-29 18:33:48', ' Le taux de CO2 est dangereusement haut ! (1071ppm)'),
(610, 1, 'Chuck.Norris@isen-ouest.yncrea.fr', '2017-05-29 18:34:43', ' Humidité trop importante ! (73)'),
(611, 2, 'Steven.Seagal@isen-ouest.yncrea.fr', '2017-05-29 18:34:48', ' Le taux de CO2 est dangereusement haut ! (1060ppm)'),
(612, 1, 'Chuck.Norris@isen-ouest.yncrea.fr', '2017-05-29 18:35:43', ' Humidité trop importante ! (72)'),
(613, 2, 'Steven.Seagal@isen-ouest.yncrea.fr', '2017-05-29 18:35:48', ' Le taux de CO2 est dangereusement haut ! (1126ppm)'),
(614, 1, 'Chuck.Norris@isen-ouest.yncrea.fr', '2017-05-29 18:36:43', ' La temperature est trop basse ! (17°C)'),
(615, 2, 'Steven.Seagal@isen-ouest.yncrea.fr', '2017-05-29 18:36:48', ' Le taux de CO2 est dangereusement haut ! (1092ppm)'),
(616, 1, 'Chuck.Norris@isen-ouest.yncrea.fr', '2017-05-29 18:37:43', ' La temperature est trop basse ! (17°C)'),
(617, 1, 'Chuck.Norris@isen-ouest.yncrea.fr', '2017-05-29 18:38:43', ' Humidité trop importante ! (77)'),
(618, 1, 'Chuck.Norris@isen-ouest.yncrea.fr', '2017-05-29 18:38:43', ' La temperature est trop basse ! (16°C)'),
(619, 2, 'Steven.Seagal@isen-ouest.yncrea.fr', '2017-05-29 18:38:48', ' Le taux de CO2 est dangereusement haut ! (1108ppm)'),
(620, 1, 'Chuck.Norris@isen-ouest.yncrea.fr', '2017-05-29 18:39:43', ' Humidité trop importante ! (77)'),
(621, 2, 'Steven.Seagal@isen-ouest.yncrea.fr', '2017-05-29 18:39:48', ' Le taux de CO2 est dangereusement haut ! (1042ppm)'),
(622, 1, 'Chuck.Norris@isen-ouest.yncrea.fr', '2017-05-29 18:40:43', ' Humidité trop importante ! (70)'),
(623, 2, 'Steven.Seagal@isen-ouest.yncrea.fr', '2017-05-29 18:40:48', ' Le taux de CO2 est dangereusement haut ! (1104ppm)'),
(624, 1, 'Chuck.Norris@isen-ouest.yncrea.fr', '2017-05-29 18:41:43', ' La temperature est trop basse ! (17°C)'),
(625, 2, 'Steven.Seagal@isen-ouest.yncrea.fr', '2017-05-29 18:41:48', ' Le taux de CO2 est dangereusement haut ! (1068ppm)');

-- --------------------------------------------------------

--
-- Structure de la table `PHONE`
--

CREATE TABLE `PHONE` (
  `NUMBER` varchar(20) NOT NULL,
  `MAIL_USER` varchar(50) NOT NULL,
  `IP` varchar(15) DEFAULT NULL,
  `PORT` varchar(10) DEFAULT NULL
) ENGINE=InnoDB DEFAULT CHARSET=latin1;

-- --------------------------------------------------------

--
-- Structure de la table `ROOM`
--

CREATE TABLE `ROOM` (
  `ID_ROOM` int(11) NOT NULL,
  `IP` varchar(15) NOT NULL,
  `PORT` varchar(10) DEFAULT NULL
) ENGINE=InnoDB DEFAULT CHARSET=latin1;

--
-- Contenu de la table `ROOM`
--

INSERT INTO `ROOM` (`ID_ROOM`, `IP`, `PORT`) VALUES
(1, '192.168.199.30', '1000'),
(2, '192.168.199.31', '1000');

-- --------------------------------------------------------

--
-- Structure de la table `SENSOR`
--

CREATE TABLE `SENSOR` (
  `ID_SENSOR` int(11) NOT NULL,
  `TYPE` int(11) NOT NULL,
  `MAIL_USER` varchar(50) DEFAULT NULL,
  `ID_ROOM` int(11) DEFAULT NULL,
  `THRESHOLD_HIGH` decimal(8,0) DEFAULT NULL,
  `THRESHOLD_LOW` decimal(8,0) DEFAULT NULL,
  `NAME` varchar(40) DEFAULT NULL
) ENGINE=InnoDB DEFAULT CHARSET=latin1;

--
-- Contenu de la table `SENSOR`
--

INSERT INTO `SENSOR` (`ID_SENSOR`, `TYPE`, `MAIL_USER`, `ID_ROOM`, `THRESHOLD_HIGH`, `THRESHOLD_LOW`, `NAME`) VALUES
(1, 1, 'contact.isenlab@isen-ouest.yncrea.fr', 1, '1', '-1', 'chute'),
(2, 2, 'contact.isenlab@isen-ouest.yncrea.fr', 1, '1000', '0', 'CO2'),
(3, 3, 'contact.isenlab@isen-ouest.yncrea.fr', 1, '70', '35', 'humidite'),
(4, 4, 'contact.isenlab@isen-ouest.yncrea.fr', 1, '29', '17', 'temperature'),
(5, 5, 'contact.isenlab@isen-ouest.yncrea.fr', 1, '1', '-1', 'user'),
(6, 6, 'contact.isenlab@isen-ouest.yncrea.fr', 1, '1', '-1', 'tv'),
(7, 7, 'contact.isenlab@isen-ouest.yncrea.fr', 1, '1', '-1', 'four'),
(9, 1, 'contact.isenlab@isen-ouest.yncrea.fr', 2, '1', '-1', 'chute'),
(10, 2, 'contact.isenlab@isen-ouest.yncrea.fr', 2, '1000', '0', 'CO2'),
(11, 3, 'contact.isenlab@isen-ouest.yncrea.fr', 2, '70', '35', 'humidite'),
(12, 4, 'contact.isenlab@isen-ouest.yncrea.fr', 2, '29', '17', 'temperature'),
(13, 5, 'contact.isenlab@isen-ouest.yncrea.fr', 2, '1', '-1', 'user'),
(14, 6, 'contact.isenlab@isen-ouest.yncrea.fr', 2, '1', '-1', 'tv'),
(15, 7, 'contact.isenlab@isen-ouest.yncrea.fr', 2, '1', '-1', 'four');

-- --------------------------------------------------------

--
-- Structure de la table `SENSOR_TYPE`
--

CREATE TABLE `SENSOR_TYPE` (
  `TYPE` int(11) NOT NULL,
  `NOM_SENSOR` varchar(20) DEFAULT NULL
) ENGINE=InnoDB DEFAULT CHARSET=latin1;

--
-- Contenu de la table `SENSOR_TYPE`
--

INSERT INTO `SENSOR_TYPE` (`TYPE`, `NOM_SENSOR`) VALUES
(1, 'chute'),
(2, 'CO2'),
(3, 'humidite'),
(4, 'temperature'),
(5, 'user'),
(6, 'tv'),
(7, 'four'),
(8, 'pas');

-- --------------------------------------------------------

--
-- Structure de la table `USER`
--

CREATE TABLE `USER` (
  `MAIL_USER` varchar(50) NOT NULL,
  `LASTNAME` varchar(30) NOT NULL,
  `FIRSTNAME` varchar(30) DEFAULT NULL,
  `PASS` char(128) NOT NULL
) ENGINE=InnoDB DEFAULT CHARSET=latin1;

--
-- Contenu de la table `USER`
--

INSERT INTO `USER` (`MAIL_USER`, `LASTNAME`, `FIRSTNAME`, `PASS`) VALUES
('ben@fr.fr', 'ben', 'ben', 'ben'),
('Chuck.Norris@isen-ouest.yncrea.fr', 'Norris', 'Chuck', 'walkertexasranger'),
('contact.isenlab@isen-ouest.yncrea.fr', 'Istrateur', 'Admin', 'admin'),
('rien@de.de', 'undefined', 'undefined', 'rien'),
('steve.correlemeur@gmail.com', 'Corre', 'Steve', 'oui'),
('Steven.Seagal@isen-ouest.yncrea.fr', 'Seagal', 'Steven', 'steven');

-- --------------------------------------------------------

--
-- Structure de la table `USER_ROOM`
--

CREATE TABLE `USER_ROOM` (
  `ID_ROOM` int(11) NOT NULL,
  `MAIL_USER` varchar(50) NOT NULL,
  `START` datetime DEFAULT NULL,
  `END` datetime DEFAULT NULL
) ENGINE=InnoDB DEFAULT CHARSET=latin1;

--
-- Contenu de la table `USER_ROOM`
--

INSERT INTO `USER_ROOM` (`ID_ROOM`, `MAIL_USER`, `START`, `END`) VALUES
(1, 'Chuck.Norris@isen-ouest.yncrea.fr', '2017-05-04 00:00:00', '2017-05-10 00:00:00'),
(1, 'contact.isenlab@isen-ouest.yncrea.fr', NULL, NULL),
(2, 'Steven.Seagal@isen-ouest.yncrea.fr', NULL, NULL);

-- --------------------------------------------------------

--
-- Structure de la table `USER_SUPERVISOR`
--

CREATE TABLE `USER_SUPERVISOR` (
  `MAIL_USER` varchar(40) NOT NULL,
  `MAIL_CONTACT` varchar(40) NOT NULL,
  `ID_MAIL_CONTACT` int(10) NOT NULL
) ENGINE=InnoDB DEFAULT CHARSET=latin1;

--
-- Contenu de la table `USER_SUPERVISOR`
--

INSERT INTO `USER_SUPERVISOR` (`MAIL_USER`, `MAIL_CONTACT`, `ID_MAIL_CONTACT`) VALUES
('contact.isenlab@isen-ouest.yncrea.fr', 'urgence@pompier.com', 1),
('contact.isenlab@isen-ouest.yncrea.fr', 'samu@amu.bzh', 2),
('Chuck.Norris@isen-ouest.yncrea.fr', 'urgence@pompier.com', 4),
('contact.isenlab@isen-ouest.yncrea.fr', 'test@test.fr', 5);

-- --------------------------------------------------------

--
-- Structure de la table `VALUE`
--

CREATE TABLE `VALUE` (
  `DTIME` datetime DEFAULT NULL,
  `CAR` varchar(40) DEFAULT NULL,
  `NUM` decimal(8,0) DEFAULT NULL,
  `ID_VALUE` int(11) NOT NULL,
  `TYPE` int(11) NOT NULL,
  `ID_ROOM` int(10) UNSIGNED NOT NULL
) ENGINE=InnoDB DEFAULT CHARSET=latin1;

--
-- Contenu de la table `VALUE`
--

INSERT INTO `VALUE` (`DTIME`, `CAR`, `NUM`, `ID_VALUE`, `TYPE`, `ID_ROOM`) VALUES
('2017-05-29 17:24:43', 'NULL', '0', 9028, 1, 1),
('2017-05-29 17:24:43', 'NULL', '279', 9029, 2, 1),
('2017-05-29 17:24:43', 'NULL', '66', 9030, 3, 1),
('2017-05-29 17:24:43', 'NULL', '17', 9031, 4, 1),
('2017-05-29 17:24:43', 'Chuck.Norris@isen-ouest.yncrea.fr', '0', 9032, 5, 1),
('2017-05-29 17:24:43', 'off', '0', 9033, 6, 1),
('2017-05-29 17:24:43', 'FALSE', '0', 9034, 7, 1),
('2017-05-29 17:25:43', 'NULL', '0', 9035, 1, 1),
('2017-05-29 17:25:43', 'NULL', '287', 9036, 2, 1),
('2017-05-29 17:25:43', 'NULL', '74', 9037, 3, 1),
('2017-05-29 17:25:43', 'NULL', '16', 9038, 4, 1),
('2017-05-29 17:25:43', 'Chuck.Norris@isen-ouest.yncrea.fr', '0', 9039, 5, 1),
('2017-05-29 17:25:43', 'off', '0', 9040, 6, 1),
('2017-05-29 17:25:43', 'FALSE', '0', 9041, 7, 1),
('2017-05-29 17:25:48', 'NULL', '0', 9042, 1, 2),
('2017-05-29 17:25:48', 'NULL', '1101', 9043, 2, 2),
('2017-05-29 17:25:48', 'NULL', '46', 9044, 3, 2),
('2017-05-29 17:25:48', 'NULL', '19', 9045, 4, 2),
('2017-05-29 17:25:48', 'Steven.Seagal@isen-ouest.yncrea.fr', '0', 9046, 5, 2),
('2017-05-29 17:25:48', 'off', '0', 9047, 6, 2),
('2017-05-29 17:25:48', 'FALSE', '0', 9048, 7, 2),
('2017-05-29 17:26:43', 'NULL', '0', 9049, 1, 1),
('2017-05-29 17:26:43', 'NULL', '225', 9050, 2, 1),
('2017-05-29 17:26:43', 'NULL', '67', 9051, 3, 1),
('2017-05-29 17:26:43', 'NULL', '19', 9052, 4, 1),
('2017-05-29 17:26:43', 'Chuck.Norris@isen-ouest.yncrea.fr', '0', 9053, 5, 1),
('2017-05-29 17:26:43', 'off', '0', 9054, 6, 1),
('2017-05-29 17:26:43', 'FALSE', '0', 9055, 7, 1),
('2017-05-29 17:26:48', 'NULL', '0', 9056, 1, 2),
('2017-05-29 17:26:48', 'NULL', '1107', 9057, 2, 2),
('2017-05-29 17:26:48', 'NULL', '49', 9058, 3, 2),
('2017-05-29 17:26:48', 'NULL', '21', 9059, 4, 2),
('2017-05-29 17:26:48', 'Steven.Seagal@isen-ouest.yncrea.fr', '0', 9060, 5, 2),
('2017-05-29 17:26:48', 'off', '0', 9061, 6, 2),
('2017-05-29 17:26:48', 'FALSE', '0', 9062, 7, 2),
('2017-05-29 17:27:43', 'NULL', '0', 9063, 1, 1),
('2017-05-29 17:27:43', 'NULL', '277', 9064, 2, 1),
('2017-05-29 17:27:43', 'NULL', '59', 9065, 3, 1),
('2017-05-29 17:27:43', 'NULL', '19', 9066, 4, 1),
('2017-05-29 17:27:43', 'Chuck.Norris@isen-ouest.yncrea.fr', '0', 9067, 5, 1),
('2017-05-29 17:27:43', 'off', '0', 9068, 6, 1),
('2017-05-29 17:27:43', 'FALSE', '0', 9069, 7, 1),
('2017-05-29 17:27:48', 'NULL', '0', 9070, 1, 2),
('2017-05-29 17:27:48', 'NULL', '1098', 9071, 2, 2),
('2017-05-29 17:27:48', 'NULL', '48', 9072, 3, 2),
('2017-05-29 17:27:48', 'NULL', '20', 9073, 4, 2),
('2017-05-29 17:27:48', 'Steven.Seagal@isen-ouest.yncrea.fr', '0', 9074, 5, 2),
('2017-05-29 17:27:48', 'off', '0', 9075, 6, 2),
('2017-05-29 17:27:48', 'FALSE', '0', 9076, 7, 2),
('2017-05-29 17:28:43', 'NULL', '0', 9077, 1, 1),
('2017-05-29 17:28:43', 'NULL', '266', 9078, 2, 1),
('2017-05-29 17:28:43', 'NULL', '67', 9079, 3, 1),
('2017-05-29 17:28:43', 'NULL', '22', 9080, 4, 1),
('2017-05-29 17:28:43', 'Chuck.Norris@isen-ouest.yncrea.fr', '0', 9081, 5, 1),
('2017-05-29 17:28:43', 'off', '0', 9082, 6, 1),
('2017-05-29 17:28:43', 'FALSE', '0', 9083, 7, 1),
('2017-05-29 17:28:48', 'NULL', '0', 9084, 1, 2),
('2017-05-29 17:28:48', 'NULL', '1072', 9085, 2, 2),
('2017-05-29 17:28:48', 'NULL', '47', 9086, 3, 2),
('2017-05-29 17:28:48', 'NULL', '19', 9087, 4, 2),
('2017-05-29 17:28:48', 'Steven.Seagal@isen-ouest.yncrea.fr', '0', 9088, 5, 2),
('2017-05-29 17:28:48', 'off', '0', 9089, 6, 2),
('2017-05-29 17:28:48', 'FALSE', '0', 9090, 7, 2),
('2017-05-29 17:29:43', 'NULL', '0', 9091, 1, 1),
('2017-05-29 17:29:43', 'NULL', '306', 9092, 2, 1),
('2017-05-29 17:29:43', 'NULL', '66', 9093, 3, 1),
('2017-05-29 17:29:43', 'NULL', '18', 9094, 4, 1),
('2017-05-29 17:29:43', 'Chuck.Norris@isen-ouest.yncrea.fr', '0', 9095, 5, 1),
('2017-05-29 17:29:43', 'off', '0', 9096, 6, 1),
('2017-05-29 17:29:43', 'FALSE', '0', 9097, 7, 1),
('2017-05-29 17:29:48', 'NULL', '0', 9098, 1, 2),
('2017-05-29 17:29:48', 'NULL', '1056', 9099, 2, 2),
('2017-05-29 17:29:48', 'NULL', '48', 9100, 3, 2),
('2017-05-29 17:29:48', 'NULL', '20', 9101, 4, 2),
('2017-05-29 17:29:48', 'Steven.Seagal@isen-ouest.yncrea.fr', '0', 9102, 5, 2),
('2017-05-29 17:29:48', 'off', '0', 9103, 6, 2),
('2017-05-29 17:29:48', 'FALSE', '0', 9104, 7, 2),
('2017-05-29 17:30:43', 'NULL', '0', 9105, 1, 1),
('2017-05-29 17:30:43', 'NULL', '279', 9106, 2, 1),
('2017-05-29 17:30:43', 'NULL', '71', 9107, 3, 1),
('2017-05-29 17:30:43', 'NULL', '17', 9108, 4, 1),
('2017-05-29 17:30:43', 'Chuck.Norris@isen-ouest.yncrea.fr', '0', 9109, 5, 1),
('2017-05-29 17:30:43', 'off', '0', 9110, 6, 1),
('2017-05-29 17:30:43', 'FALSE', '0', 9111, 7, 1),
('2017-05-29 17:30:48', 'NULL', '0', 9112, 1, 2),
('2017-05-29 17:30:48', 'NULL', '1066', 9113, 2, 2),
('2017-05-29 17:30:48', 'NULL', '48', 9114, 3, 2),
('2017-05-29 17:30:48', 'NULL', '21', 9115, 4, 2),
('2017-05-29 17:30:48', 'Steven.Seagal@isen-ouest.yncrea.fr', '0', 9116, 5, 2),
('2017-05-29 17:30:48', 'off', '0', 9117, 6, 2),
('2017-05-29 17:30:48', 'FALSE', '0', 9118, 7, 2),
('2017-05-29 17:31:43', 'NULL', '0', 9119, 1, 1),
('2017-05-29 17:31:43', 'NULL', '226', 9120, 2, 1),
('2017-05-29 17:31:43', 'NULL', '70', 9121, 3, 1),
('2017-05-29 17:31:43', 'NULL', '19', 9122, 4, 1),
('2017-05-29 17:31:43', 'Chuck.Norris@isen-ouest.yncrea.fr', '0', 9123, 5, 1),
('2017-05-29 17:31:43', 'off', '0', 9124, 6, 1),
('2017-05-29 17:31:43', 'FALSE', '0', 9125, 7, 1),
('2017-05-29 17:31:48', 'NULL', '0', 9126, 1, 2),
('2017-05-29 17:31:48', 'NULL', '1092', 9127, 2, 2),
('2017-05-29 17:31:48', 'NULL', '48', 9128, 3, 2),
('2017-05-29 17:31:48', 'NULL', '23', 9129, 4, 2),
('2017-05-29 17:31:48', 'Steven.Seagal@isen-ouest.yncrea.fr', '0', 9130, 5, 2),
('2017-05-29 17:31:48', 'off', '0', 9131, 6, 2),
('2017-05-29 17:31:48', 'FALSE', '0', 9132, 7, 2),
('2017-05-29 17:32:43', 'NULL', '0', 9133, 1, 1),
('2017-05-29 17:32:43', 'NULL', '248', 9134, 2, 1),
('2017-05-29 17:32:43', 'NULL', '68', 9135, 3, 1),
('2017-05-29 17:32:43', 'NULL', '20', 9136, 4, 1),
('2017-05-29 17:32:43', 'Chuck.Norris@isen-ouest.yncrea.fr', '0', 9137, 5, 1),
('2017-05-29 17:32:43', 'off', '0', 9138, 6, 1),
('2017-05-29 17:32:43', 'FALSE', '0', 9139, 7, 1),
('2017-05-29 17:32:48', 'NULL', '0', 9140, 1, 2),
('2017-05-29 17:32:48', 'NULL', '1057', 9141, 2, 2),
('2017-05-29 17:32:48', 'NULL', '46', 9142, 3, 2),
('2017-05-29 17:32:48', 'NULL', '19', 9143, 4, 2),
('2017-05-29 17:32:48', 'Steven.Seagal@isen-ouest.yncrea.fr', '0', 9144, 5, 2),
('2017-05-29 17:32:48', 'off', '0', 9145, 6, 2),
('2017-05-29 17:32:48', 'FALSE', '0', 9146, 7, 2),
('2017-05-29 17:33:43', 'NULL', '0', 9147, 1, 1),
('2017-05-29 17:33:43', 'NULL', '308', 9148, 2, 1),
('2017-05-29 17:33:43', 'NULL', '77', 9149, 3, 1),
('2017-05-29 17:33:43', 'NULL', '21', 9150, 4, 1),
('2017-05-29 17:33:43', 'Chuck.Norris@isen-ouest.yncrea.fr', '0', 9151, 5, 1),
('2017-05-29 17:33:43', 'off', '0', 9152, 6, 1),
('2017-05-29 17:33:43', 'FALSE', '0', 9153, 7, 1),
('2017-05-29 17:33:48', 'NULL', '0', 9154, 1, 2),
('2017-05-29 17:33:48', 'NULL', '1072', 9155, 2, 2),
('2017-05-29 17:33:48', 'NULL', '50', 9156, 3, 2),
('2017-05-29 17:33:48', 'NULL', '21', 9157, 4, 2),
('2017-05-29 17:33:48', 'Steven.Seagal@isen-ouest.yncrea.fr', '0', 9158, 5, 2),
('2017-05-29 17:33:48', 'off', '0', 9159, 6, 2),
('2017-05-29 17:33:48', 'FALSE', '0', 9160, 7, 2),
('2017-05-29 17:34:43', 'NULL', '0', 9161, 1, 1),
('2017-05-29 17:34:43', 'NULL', '300', 9162, 2, 1),
('2017-05-29 17:34:43', 'NULL', '69', 9163, 3, 1),
('2017-05-29 17:34:43', 'NULL', '19', 9164, 4, 1),
('2017-05-29 17:34:43', 'Chuck.Norris@isen-ouest.yncrea.fr', '0', 9165, 5, 1),
('2017-05-29 17:34:43', 'off', '0', 9166, 6, 1),
('2017-05-29 17:34:43', 'FALSE', '0', 9167, 7, 1),
('2017-05-29 17:34:48', 'NULL', '0', 9168, 1, 2),
('2017-05-29 17:34:48', 'NULL', '1123', 9169, 2, 2),
('2017-05-29 17:34:48', 'NULL', '45', 9170, 3, 2),
('2017-05-29 17:34:48', 'NULL', '20', 9171, 4, 2),
('2017-05-29 17:34:48', 'Steven.Seagal@isen-ouest.yncrea.fr', '0', 9172, 5, 2),
('2017-05-29 17:34:48', 'off', '0', 9173, 6, 2),
('2017-05-29 17:34:48', 'FALSE', '0', 9174, 7, 2),
('2017-05-29 17:35:43', 'NULL', '0', 9175, 1, 1),
('2017-05-29 17:35:43', 'NULL', '270', 9176, 2, 1),
('2017-05-29 17:35:43', 'NULL', '68', 9177, 3, 1),
('2017-05-29 17:35:43', 'NULL', '17', 9178, 4, 1),
('2017-05-29 17:35:43', 'Chuck.Norris@isen-ouest.yncrea.fr', '0', 9179, 5, 1),
('2017-05-29 17:35:43', 'off', '0', 9180, 6, 1),
('2017-05-29 17:35:43', 'FALSE', '0', 9181, 7, 1),
('2017-05-29 17:35:48', 'NULL', '0', 9182, 1, 2),
('2017-05-29 17:35:48', 'NULL', '1101', 9183, 2, 2),
('2017-05-29 17:35:48', 'NULL', '50', 9184, 3, 2),
('2017-05-29 17:35:48', 'NULL', '21', 9185, 4, 2),
('2017-05-29 17:35:48', 'Steven.Seagal@isen-ouest.yncrea.fr', '0', 9186, 5, 2),
('2017-05-29 17:35:48', 'off', '0', 9187, 6, 2),
('2017-05-29 17:35:48', 'FALSE', '0', 9188, 7, 2),
('2017-05-29 17:36:43', 'NULL', '0', 9189, 1, 1),
('2017-05-29 17:36:43', 'NULL', '294', 9190, 2, 1),
('2017-05-29 17:36:43', 'NULL', '75', 9191, 3, 1),
('2017-05-29 17:36:43', 'NULL', '20', 9192, 4, 1),
('2017-05-29 17:36:43', 'Chuck.Norris@isen-ouest.yncrea.fr', '0', 9193, 5, 1),
('2017-05-29 17:36:43', 'off', '0', 9194, 6, 1),
('2017-05-29 17:36:43', 'FALSE', '0', 9195, 7, 1),
('2017-05-29 17:36:48', 'NULL', '0', 9196, 1, 2),
('2017-05-29 17:36:48', 'NULL', '1069', 9197, 2, 2),
('2017-05-29 17:36:48', 'NULL', '45', 9198, 3, 2),
('2017-05-29 17:36:48', 'NULL', '22', 9199, 4, 2),
('2017-05-29 17:36:48', 'Steven.Seagal@isen-ouest.yncrea.fr', '0', 9200, 5, 2),
('2017-05-29 17:36:48', 'off', '0', 9201, 6, 2),
('2017-05-29 17:36:48', 'FALSE', '0', 9202, 7, 2),
('2017-05-29 17:37:43', 'NULL', '0', 9203, 1, 1),
('2017-05-29 17:37:43', 'NULL', '228', 9204, 2, 1),
('2017-05-29 17:37:43', 'NULL', '68', 9205, 3, 1),
('2017-05-29 17:37:43', 'NULL', '16', 9206, 4, 1),
('2017-05-29 17:37:43', 'Chuck.Norris@isen-ouest.yncrea.fr', '0', 9207, 5, 1),
('2017-05-29 17:37:43', 'off', '0', 9208, 6, 1),
('2017-05-29 17:37:43', 'FALSE', '0', 9209, 7, 1),
('2017-05-29 17:37:48', 'NULL', '0', 9210, 1, 2),
('2017-05-29 17:37:48', 'NULL', '1069', 9211, 2, 2),
('2017-05-29 17:37:48', 'NULL', '44', 9212, 3, 2),
('2017-05-29 17:37:48', 'NULL', '21', 9213, 4, 2),
('2017-05-29 17:37:48', 'Steven.Seagal@isen-ouest.yncrea.fr', '0', 9214, 5, 2),
('2017-05-29 17:37:48', 'off', '0', 9215, 6, 2),
('2017-05-29 17:37:48', 'FALSE', '0', 9216, 7, 2),
('2017-05-29 17:38:43', 'NULL', '0', 9217, 1, 1),
('2017-05-29 17:38:43', 'NULL', '248', 9218, 2, 1),
('2017-05-29 17:38:43', 'NULL', '66', 9219, 3, 1),
('2017-05-29 17:38:43', 'NULL', '18', 9220, 4, 1),
('2017-05-29 17:38:43', 'Chuck.Norris@isen-ouest.yncrea.fr', '0', 9221, 5, 1),
('2017-05-29 17:38:43', 'off', '0', 9222, 6, 1),
('2017-05-29 17:38:43', 'FALSE', '0', 9223, 7, 1),
('2017-05-29 17:38:48', 'NULL', '0', 9224, 1, 2),
('2017-05-29 17:38:48', 'NULL', '1072', 9225, 2, 2),
('2017-05-29 17:38:48', 'NULL', '48', 9226, 3, 2),
('2017-05-29 17:38:48', 'NULL', '21', 9227, 4, 2),
('2017-05-29 17:38:48', 'Steven.Seagal@isen-ouest.yncrea.fr', '0', 9228, 5, 2),
('2017-05-29 17:38:48', 'off', '0', 9229, 6, 2),
('2017-05-29 17:38:48', 'FALSE', '0', 9230, 7, 2),
('2017-05-29 17:39:43', 'NULL', '0', 9231, 1, 1),
('2017-05-29 17:39:43', 'NULL', '280', 9232, 2, 1),
('2017-05-29 17:39:43', 'NULL', '69', 9233, 3, 1),
('2017-05-29 17:39:43', 'NULL', '20', 9234, 4, 1),
('2017-05-29 17:39:43', 'Chuck.Norris@isen-ouest.yncrea.fr', '0', 9235, 5, 1),
('2017-05-29 17:39:43', 'off', '0', 9236, 6, 1),
('2017-05-29 17:39:43', 'FALSE', '0', 9237, 7, 1),
('2017-05-29 17:39:48', 'NULL', '0', 9238, 1, 2),
('2017-05-29 17:39:48', 'NULL', '1065', 9239, 2, 2),
('2017-05-29 17:39:48', 'NULL', '52', 9240, 3, 2),
('2017-05-29 17:39:48', 'NULL', '24', 9241, 4, 2),
('2017-05-29 17:39:48', 'Steven.Seagal@isen-ouest.yncrea.fr', '0', 9242, 5, 2),
('2017-05-29 17:39:48', 'off', '0', 9243, 6, 2),
('2017-05-29 17:39:48', 'FALSE', '0', 9244, 7, 2),
('2017-05-29 17:40:43', 'NULL', '0', 9245, 1, 1),
('2017-05-29 17:40:43', 'NULL', '231', 9246, 2, 1),
('2017-05-29 17:40:43', 'NULL', '68', 9247, 3, 1),
('2017-05-29 17:40:43', 'NULL', '18', 9248, 4, 1),
('2017-05-29 17:40:43', 'Chuck.Norris@isen-ouest.yncrea.fr', '0', 9249, 5, 1),
('2017-05-29 17:40:43', 'off', '0', 9250, 6, 1),
('2017-05-29 17:40:43', 'FALSE', '0', 9251, 7, 1),
('2017-05-29 17:40:48', 'NULL', '0', 9252, 1, 2),
('2017-05-29 17:40:48', 'NULL', '1054', 9253, 2, 2),
('2017-05-29 17:40:48', 'NULL', '48', 9254, 3, 2),
('2017-05-29 17:40:48', 'NULL', '22', 9255, 4, 2),
('2017-05-29 17:40:48', 'Steven.Seagal@isen-ouest.yncrea.fr', '0', 9256, 5, 2),
('2017-05-29 17:40:48', 'off', '0', 9257, 6, 2),
('2017-05-29 17:40:48', 'FALSE', '0', 9258, 7, 2),
('2017-05-29 17:41:43', 'NULL', '0', 9259, 1, 1),
('2017-05-29 17:41:43', 'NULL', '312', 9260, 2, 1),
('2017-05-29 17:41:43', 'NULL', '71', 9261, 3, 1),
('2017-05-29 17:41:43', 'NULL', '18', 9262, 4, 1),
('2017-05-29 17:41:43', 'Chuck.Norris@isen-ouest.yncrea.fr', '0', 9263, 5, 1),
('2017-05-29 17:41:43', 'off', '0', 9264, 6, 1),
('2017-05-29 17:41:43', 'FALSE', '0', 9265, 7, 1),
('2017-05-29 17:41:48', 'NULL', '0', 9266, 1, 2),
('2017-05-29 17:41:48', 'NULL', '1119', 9267, 2, 2),
('2017-05-29 17:41:48', 'NULL', '48', 9268, 3, 2),
('2017-05-29 17:41:48', 'NULL', '21', 9269, 4, 2),
('2017-05-29 17:41:48', 'Steven.Seagal@isen-ouest.yncrea.fr', '0', 9270, 5, 2),
('2017-05-29 17:41:48', 'off', '0', 9271, 6, 2),
('2017-05-29 17:41:48', 'FALSE', '0', 9272, 7, 2),
('2017-05-29 17:42:43', 'NULL', '0', 9273, 1, 1),
('2017-05-29 17:42:43', 'NULL', '257', 9274, 2, 1),
('2017-05-29 17:42:43', 'NULL', '74', 9275, 3, 1),
('2017-05-29 17:42:43', 'NULL', '19', 9276, 4, 1),
('2017-05-29 17:42:43', 'Chuck.Norris@isen-ouest.yncrea.fr', '0', 9277, 5, 1),
('2017-05-29 17:42:43', 'off', '0', 9278, 6, 1),
('2017-05-29 17:42:43', 'FALSE', '0', 9279, 7, 1),
('2017-05-29 17:42:48', 'NULL', '0', 9280, 1, 2),
('2017-05-29 17:42:48', 'NULL', '1077', 9281, 2, 2),
('2017-05-29 17:42:48', 'NULL', '49', 9282, 3, 2),
('2017-05-29 17:42:48', 'NULL', '20', 9283, 4, 2),
('2017-05-29 17:42:48', 'Steven.Seagal@isen-ouest.yncrea.fr', '0', 9284, 5, 2),
('2017-05-29 17:42:48', 'off', '0', 9285, 6, 2),
('2017-05-29 17:42:48', 'FALSE', '0', 9286, 7, 2),
('2017-05-29 17:43:43', 'NULL', '0', 9287, 1, 1),
('2017-05-29 17:43:43', 'NULL', '218', 9288, 2, 1),
('2017-05-29 17:43:43', 'NULL', '65', 9289, 3, 1),
('2017-05-29 17:43:43', 'NULL', '18', 9290, 4, 1),
('2017-05-29 17:43:43', 'Chuck.Norris@isen-ouest.yncrea.fr', '0', 9291, 5, 1),
('2017-05-29 17:43:43', 'off', '0', 9292, 6, 1),
('2017-05-29 17:43:43', 'FALSE', '0', 9293, 7, 1),
('2017-05-29 17:43:48', 'NULL', '0', 9294, 1, 2),
('2017-05-29 17:43:48', 'NULL', '1104', 9295, 2, 2),
('2017-05-29 17:43:48', 'NULL', '50', 9296, 3, 2),
('2017-05-29 17:43:48', 'NULL', '21', 9297, 4, 2),
('2017-05-29 17:43:48', 'Steven.Seagal@isen-ouest.yncrea.fr', '0', 9298, 5, 2),
('2017-05-29 17:43:48', 'off', '0', 9299, 6, 2),
('2017-05-29 17:43:48', 'FALSE', '0', 9300, 7, 2),
('2017-05-29 17:44:43', 'NULL', '0', 9301, 1, 1),
('2017-05-29 17:44:43', 'NULL', '294', 9302, 2, 1),
('2017-05-29 17:44:43', 'NULL', '64', 9303, 3, 1),
('2017-05-29 17:44:43', 'NULL', '20', 9304, 4, 1),
('2017-05-29 17:44:43', 'Chuck.Norris@isen-ouest.yncrea.fr', '0', 9305, 5, 1),
('2017-05-29 17:44:43', 'off', '0', 9306, 6, 1),
('2017-05-29 17:44:43', 'FALSE', '0', 9307, 7, 1),
('2017-05-29 17:44:48', 'NULL', '0', 9308, 1, 2),
('2017-05-29 17:44:48', 'NULL', '1041', 9309, 2, 2),
('2017-05-29 17:44:48', 'NULL', '50', 9310, 3, 2),
('2017-05-29 17:44:48', 'NULL', '21', 9311, 4, 2),
('2017-05-29 17:44:48', 'Steven.Seagal@isen-ouest.yncrea.fr', '0', 9312, 5, 2),
('2017-05-29 17:44:48', 'off', '0', 9313, 6, 2),
('2017-05-29 17:44:48', 'FALSE', '0', 9314, 7, 2),
('2017-05-29 17:45:43', 'NULL', '0', 9315, 1, 1),
('2017-05-29 17:45:43', 'NULL', '240', 9316, 2, 1),
('2017-05-29 17:45:43', 'NULL', '73', 9317, 3, 1),
('2017-05-29 17:45:43', 'NULL', '16', 9318, 4, 1),
('2017-05-29 17:45:43', 'Chuck.Norris@isen-ouest.yncrea.fr', '0', 9319, 5, 1),
('2017-05-29 17:45:43', 'off', '0', 9320, 6, 1),
('2017-05-29 17:45:43', 'FALSE', '0', 9321, 7, 1),
('2017-05-29 17:45:48', 'NULL', '0', 9322, 1, 2),
('2017-05-29 17:45:48', 'NULL', '1086', 9323, 2, 2),
('2017-05-29 17:45:48', 'NULL', '47', 9324, 3, 2),
('2017-05-29 17:45:48', 'NULL', '20', 9325, 4, 2),
('2017-05-29 17:45:48', 'Steven.Seagal@isen-ouest.yncrea.fr', '0', 9326, 5, 2),
('2017-05-29 17:45:48', 'off', '0', 9327, 6, 2),
('2017-05-29 17:45:48', 'FALSE', '0', 9328, 7, 2),
('2017-05-29 17:46:43', 'NULL', '0', 9329, 1, 1),
('2017-05-29 17:46:43', 'NULL', '292', 9330, 2, 1),
('2017-05-29 17:46:43', 'NULL', '69', 9331, 3, 1),
('2017-05-29 17:46:43', 'NULL', '19', 9332, 4, 1),
('2017-05-29 17:46:43', 'Chuck.Norris@isen-ouest.yncrea.fr', '0', 9333, 5, 1),
('2017-05-29 17:46:43', 'off', '0', 9334, 6, 1),
('2017-05-29 17:46:43', 'FALSE', '0', 9335, 7, 1),
('2017-05-29 17:46:48', 'NULL', '0', 9336, 1, 2),
('2017-05-29 17:46:48', 'NULL', '1116', 9337, 2, 2),
('2017-05-29 17:46:48', 'NULL', '49', 9338, 3, 2),
('2017-05-29 17:46:48', 'NULL', '22', 9339, 4, 2),
('2017-05-29 17:46:48', 'Steven.Seagal@isen-ouest.yncrea.fr', '0', 9340, 5, 2),
('2017-05-29 17:46:48', 'off', '0', 9341, 6, 2),
('2017-05-29 17:46:48', 'FALSE', '0', 9342, 7, 2),
('2017-05-29 17:47:43', 'NULL', '0', 9343, 1, 1),
('2017-05-29 17:47:43', 'NULL', '270', 9344, 2, 1),
('2017-05-29 17:47:43', 'NULL', '74', 9345, 3, 1),
('2017-05-29 17:47:43', 'NULL', '16', 9346, 4, 1),
('2017-05-29 17:47:43', 'Chuck.Norris@isen-ouest.yncrea.fr', '0', 9347, 5, 1),
('2017-05-29 17:47:43', 'off', '0', 9348, 6, 1),
('2017-05-29 17:47:43', 'FALSE', '0', 9349, 7, 1),
('2017-05-29 17:47:48', 'NULL', '0', 9350, 1, 2),
('2017-05-29 17:47:48', 'NULL', '1099', 9351, 2, 2),
('2017-05-29 17:47:48', 'NULL', '50', 9352, 3, 2),
('2017-05-29 17:47:48', 'NULL', '21', 9353, 4, 2),
('2017-05-29 17:47:48', 'Steven.Seagal@isen-ouest.yncrea.fr', '0', 9354, 5, 2),
('2017-05-29 17:47:48', 'off', '0', 9355, 6, 2),
('2017-05-29 17:47:48', 'FALSE', '0', 9356, 7, 2),
('2017-05-29 17:48:43', 'NULL', '0', 9357, 1, 1),
('2017-05-29 17:48:43', 'NULL', '286', 9358, 2, 1),
('2017-05-29 17:48:43', 'NULL', '68', 9359, 3, 1),
('2017-05-29 17:48:43', 'NULL', '19', 9360, 4, 1),
('2017-05-29 17:48:43', 'Chuck.Norris@isen-ouest.yncrea.fr', '0', 9361, 5, 1),
('2017-05-29 17:48:43', 'off', '0', 9362, 6, 1),
('2017-05-29 17:48:43', 'FALSE', '0', 9363, 7, 1),
('2017-05-29 17:48:48', 'NULL', '0', 9364, 1, 2),
('2017-05-29 17:48:48', 'NULL', '1023', 9365, 2, 2),
('2017-05-29 17:48:48', 'NULL', '48', 9366, 3, 2),
('2017-05-29 17:48:48', 'NULL', '21', 9367, 4, 2),
('2017-05-29 17:48:48', 'Steven.Seagal@isen-ouest.yncrea.fr', '0', 9368, 5, 2),
('2017-05-29 17:48:48', 'off', '0', 9369, 6, 2),
('2017-05-29 17:48:48', 'FALSE', '0', 9370, 7, 2),
('2017-05-29 17:49:43', 'NULL', '0', 9371, 1, 1),
('2017-05-29 17:49:43', 'NULL', '285', 9372, 2, 1),
('2017-05-29 17:49:43', 'NULL', '64', 9373, 3, 1),
('2017-05-29 17:49:43', 'NULL', '17', 9374, 4, 1),
('2017-05-29 17:49:43', 'Chuck.Norris@isen-ouest.yncrea.fr', '0', 9375, 5, 1),
('2017-05-29 17:49:43', 'off', '0', 9376, 6, 1),
('2017-05-29 17:49:43', 'FALSE', '0', 9377, 7, 1),
('2017-05-29 17:49:48', 'NULL', '0', 9378, 1, 2),
('2017-05-29 17:49:48', 'NULL', '1072', 9379, 2, 2),
('2017-05-29 17:49:48', 'NULL', '58', 9380, 3, 2),
('2017-05-29 17:49:48', 'NULL', '19', 9381, 4, 2),
('2017-05-29 17:49:48', 'Steven.Seagal@isen-ouest.yncrea.fr', '0', 9382, 5, 2),
('2017-05-29 17:49:48', 'off', '0', 9383, 6, 2),
('2017-05-29 17:49:48', 'FALSE', '0', 9384, 7, 2),
('2017-05-29 17:50:43', 'NULL', '0', 9385, 1, 1),
('2017-05-29 17:50:43', 'NULL', '288', 9386, 2, 1),
('2017-05-29 17:50:43', 'NULL', '76', 9387, 3, 1),
('2017-05-29 17:50:43', 'NULL', '16', 9388, 4, 1),
('2017-05-29 17:50:43', 'Chuck.Norris@isen-ouest.yncrea.fr', '0', 9389, 5, 1),
('2017-05-29 17:50:43', 'off', '0', 9390, 6, 1),
('2017-05-29 17:50:43', 'FALSE', '0', 9391, 7, 1),
('2017-05-29 17:50:48', 'NULL', '0', 9392, 1, 2),
('2017-05-29 17:50:48', 'NULL', '1072', 9393, 2, 2),
('2017-05-29 17:50:48', 'NULL', '42', 9394, 3, 2),
('2017-05-29 17:50:48', 'NULL', '20', 9395, 4, 2),
('2017-05-29 17:50:48', 'Steven.Seagal@isen-ouest.yncrea.fr', '0', 9396, 5, 2),
('2017-05-29 17:50:48', 'off', '0', 9397, 6, 2),
('2017-05-29 17:50:48', 'FALSE', '0', 9398, 7, 2),
('2017-05-29 17:51:43', 'NULL', '0', 9399, 1, 1),
('2017-05-29 17:51:43', 'NULL', '236', 9400, 2, 1),
('2017-05-29 17:51:43', 'NULL', '68', 9401, 3, 1),
('2017-05-29 17:51:43', 'NULL', '18', 9402, 4, 1),
('2017-05-29 17:51:43', 'Chuck.Norris@isen-ouest.yncrea.fr', '0', 9403, 5, 1),
('2017-05-29 17:51:43', 'off', '0', 9404, 6, 1),
('2017-05-29 17:51:43', 'FALSE', '0', 9405, 7, 1),
('2017-05-29 17:51:48', 'NULL', '0', 9406, 1, 2),
('2017-05-29 17:51:48', 'NULL', '1078', 9407, 2, 2),
('2017-05-29 17:51:48', 'NULL', '48', 9408, 3, 2),
('2017-05-29 17:51:48', 'NULL', '21', 9409, 4, 2),
('2017-05-29 17:51:48', 'Steven.Seagal@isen-ouest.yncrea.fr', '0', 9410, 5, 2),
('2017-05-29 17:51:48', 'off', '0', 9411, 6, 2),
('2017-05-29 17:51:48', 'FALSE', '0', 9412, 7, 2),
('2017-05-29 17:52:43', 'NULL', '0', 9413, 1, 1),
('2017-05-29 17:52:43', 'NULL', '300', 9414, 2, 1),
('2017-05-29 17:52:43', 'NULL', '66', 9415, 3, 1),
('2017-05-29 17:52:43', 'NULL', '21', 9416, 4, 1),
('2017-05-29 17:52:43', 'Chuck.Norris@isen-ouest.yncrea.fr', '0', 9417, 5, 1),
('2017-05-29 17:52:43', 'off', '0', 9418, 6, 1),
('2017-05-29 17:52:43', 'FALSE', '0', 9419, 7, 1),
('2017-05-29 17:52:48', 'NULL', '0', 9420, 1, 2),
('2017-05-29 17:52:48', 'NULL', '1083', 9421, 2, 2),
('2017-05-29 17:52:48', 'NULL', '49', 9422, 3, 2),
('2017-05-29 17:52:48', 'NULL', '20', 9423, 4, 2),
('2017-05-29 17:52:48', 'Steven.Seagal@isen-ouest.yncrea.fr', '0', 9424, 5, 2),
('2017-05-29 17:52:48', 'off', '0', 9425, 6, 2),
('2017-05-29 17:52:48', 'FALSE', '0', 9426, 7, 2),
('2017-05-29 17:53:43', 'NULL', '0', 9427, 1, 1),
('2017-05-29 17:53:43', 'NULL', '319', 9428, 2, 1),
('2017-05-29 17:53:43', 'NULL', '67', 9429, 3, 1),
('2017-05-29 17:53:43', 'NULL', '20', 9430, 4, 1),
('2017-05-29 17:53:43', 'Chuck.Norris@isen-ouest.yncrea.fr', '0', 9431, 5, 1),
('2017-05-29 17:53:43', 'off', '0', 9432, 6, 1),
('2017-05-29 17:53:43', 'FALSE', '0', 9433, 7, 1),
('2017-05-29 17:53:48', 'NULL', '0', 9434, 1, 2),
('2017-05-29 17:53:48', 'NULL', '1089', 9435, 2, 2),
('2017-05-29 17:53:48', 'NULL', '52', 9436, 3, 2),
('2017-05-29 17:53:48', 'NULL', '22', 9437, 4, 2),
('2017-05-29 17:53:48', 'Steven.Seagal@isen-ouest.yncrea.fr', '0', 9438, 5, 2),
('2017-05-29 17:53:48', 'off', '0', 9439, 6, 2),
('2017-05-29 17:53:48', 'FALSE', '0', 9440, 7, 2),
('2017-05-29 17:54:43', 'NULL', '0', 9441, 1, 1),
('2017-05-29 17:54:43', 'NULL', '270', 9442, 2, 1),
('2017-05-29 17:54:43', 'NULL', '69', 9443, 3, 1),
('2017-05-29 17:54:43', 'NULL', '19', 9444, 4, 1),
('2017-05-29 17:54:43', 'Chuck.Norris@isen-ouest.yncrea.fr', '0', 9445, 5, 1),
('2017-05-29 17:54:43', 'off', '0', 9446, 6, 1),
('2017-05-29 17:54:43', 'FALSE', '0', 9447, 7, 1),
('2017-05-29 17:54:48', 'NULL', '0', 9448, 1, 2),
('2017-05-29 17:54:48', 'NULL', '1086', 9449, 2, 2),
('2017-05-29 17:54:48', 'NULL', '40', 9450, 3, 2),
('2017-05-29 17:54:48', 'NULL', '21', 9451, 4, 2),
('2017-05-29 17:54:48', 'Steven.Seagal@isen-ouest.yncrea.fr', '0', 9452, 5, 2),
('2017-05-29 17:54:48', 'off', '0', 9453, 6, 2),
('2017-05-29 17:54:48', 'FALSE', '0', 9454, 7, 2),
('2017-05-29 17:55:43', 'NULL', '0', 9455, 1, 1),
('2017-05-29 17:55:43', 'NULL', '303', 9456, 2, 1),
('2017-05-29 17:55:43', 'NULL', '68', 9457, 3, 1),
('2017-05-29 17:55:43', 'NULL', '17', 9458, 4, 1),
('2017-05-29 17:55:43', 'Chuck.Norris@isen-ouest.yncrea.fr', '0', 9459, 5, 1),
('2017-05-29 17:55:43', 'off', '0', 9460, 6, 1),
('2017-05-29 17:55:43', 'FALSE', '0', 9461, 7, 1),
('2017-05-29 17:55:48', 'NULL', '0', 9462, 1, 2),
('2017-05-29 17:55:48', 'NULL', '1050', 9463, 2, 2),
('2017-05-29 17:55:48', 'NULL', '49', 9464, 3, 2),
('2017-05-29 17:55:48', 'NULL', '22', 9465, 4, 2),
('2017-05-29 17:55:48', 'Steven.Seagal@isen-ouest.yncrea.fr', '0', 9466, 5, 2),
('2017-05-29 17:55:48', 'off', '0', 9467, 6, 2),
('2017-05-29 17:55:48', 'FALSE', '0', 9468, 7, 2),
('2017-05-29 17:56:43', 'NULL', '0', 9469, 1, 1),
('2017-05-29 17:56:43', 'NULL', '249', 9470, 2, 1),
('2017-05-29 17:56:43', 'NULL', '67', 9471, 3, 1),
('2017-05-29 17:56:43', 'NULL', '22', 9472, 4, 1),
('2017-05-29 17:56:43', 'Chuck.Norris@isen-ouest.yncrea.fr', '0', 9473, 5, 1),
('2017-05-29 17:56:43', 'off', '0', 9474, 6, 1),
('2017-05-29 17:56:43', 'FALSE', '0', 9475, 7, 1),
('2017-05-29 17:56:48', 'NULL', '0', 9476, 1, 2),
('2017-05-29 17:56:48', 'NULL', '1045', 9477, 2, 2),
('2017-05-29 17:56:48', 'NULL', '46', 9478, 3, 2),
('2017-05-29 17:56:48', 'NULL', '21', 9479, 4, 2),
('2017-05-29 17:56:48', 'Steven.Seagal@isen-ouest.yncrea.fr', '0', 9480, 5, 2),
('2017-05-29 17:56:48', 'off', '0', 9481, 6, 2),
('2017-05-29 17:56:48', 'FALSE', '0', 9482, 7, 2),
('2017-05-29 17:57:43', 'NULL', '0', 9483, 1, 1),
('2017-05-29 17:57:43', 'NULL', '253', 9484, 2, 1),
('2017-05-29 17:57:43', 'NULL', '68', 9485, 3, 1),
('2017-05-29 17:57:43', 'NULL', '23', 9486, 4, 1),
('2017-05-29 17:57:43', 'Chuck.Norris@isen-ouest.yncrea.fr', '0', 9487, 5, 1),
('2017-05-29 17:57:43', 'off', '0', 9488, 6, 1),
('2017-05-29 17:57:43', 'FALSE', '0', 9489, 7, 1),
('2017-05-29 17:57:48', 'NULL', '0', 9490, 1, 2),
('2017-05-29 17:57:48', 'NULL', '1066', 9491, 2, 2),
('2017-05-29 17:57:48', 'NULL', '42', 9492, 3, 2),
('2017-05-29 17:57:48', 'NULL', '21', 9493, 4, 2),
('2017-05-29 17:57:48', 'Steven.Seagal@isen-ouest.yncrea.fr', '0', 9494, 5, 2),
('2017-05-29 17:57:48', 'off', '0', 9495, 6, 2),
('2017-05-29 17:57:48', 'FALSE', '0', 9496, 7, 2),
('2017-05-29 17:58:43', 'NULL', '0', 9497, 1, 1),
('2017-05-29 17:58:43', 'NULL', '270', 9498, 2, 1),
('2017-05-29 17:58:43', 'NULL', '66', 9499, 3, 1),
('2017-05-29 17:58:43', 'NULL', '18', 9500, 4, 1),
('2017-05-29 17:58:43', 'Chuck.Norris@isen-ouest.yncrea.fr', '0', 9501, 5, 1),
('2017-05-29 17:58:43', 'off', '0', 9502, 6, 1),
('2017-05-29 17:58:43', 'FALSE', '0', 9503, 7, 1),
('2017-05-29 17:58:48', 'NULL', '0', 9504, 1, 2),
('2017-05-29 17:58:48', 'NULL', '1107', 9505, 2, 2),
('2017-05-29 17:58:48', 'NULL', '48', 9506, 3, 2),
('2017-05-29 17:58:48', 'NULL', '19', 9507, 4, 2),
('2017-05-29 17:58:48', 'Steven.Seagal@isen-ouest.yncrea.fr', '0', 9508, 5, 2),
('2017-05-29 17:58:48', 'off', '0', 9509, 6, 2),
('2017-05-29 17:58:48', 'FALSE', '0', 9510, 7, 2),
('2017-05-29 17:59:43', 'NULL', '0', 9511, 1, 1),
('2017-05-29 17:59:43', 'NULL', '255', 9512, 2, 1),
('2017-05-29 17:59:43', 'NULL', '67', 9513, 3, 1),
('2017-05-29 17:59:43', 'NULL', '18', 9514, 4, 1),
('2017-05-29 17:59:43', 'Chuck.Norris@isen-ouest.yncrea.fr', '0', 9515, 5, 1),
('2017-05-29 17:59:43', 'off', '0', 9516, 6, 1),
('2017-05-29 17:59:43', 'FALSE', '0', 9517, 7, 1),
('2017-05-29 17:59:48', 'NULL', '0', 9518, 1, 2),
('2017-05-29 17:59:48', 'NULL', '1075', 9519, 2, 2),
('2017-05-29 17:59:48', 'NULL', '46', 9520, 3, 2),
('2017-05-29 17:59:48', 'NULL', '19', 9521, 4, 2),
('2017-05-29 17:59:48', 'Steven.Seagal@isen-ouest.yncrea.fr', '0', 9522, 5, 2),
('2017-05-29 17:59:48', 'off', '0', 9523, 6, 2),
('2017-05-29 17:59:48', 'FALSE', '0', 9524, 7, 2),
('2017-05-29 18:00:43', 'NULL', '0', 9525, 1, 1),
('2017-05-29 18:00:43', 'NULL', '230', 9526, 2, 1),
('2017-05-29 18:00:43', 'NULL', '67', 9527, 3, 1),
('2017-05-29 18:00:43', 'NULL', '20', 9528, 4, 1),
('2017-05-29 18:00:43', 'Chuck.Norris@isen-ouest.yncrea.fr', '0', 9529, 5, 1),
('2017-05-29 18:00:43', 'off', '0', 9530, 6, 1),
('2017-05-29 18:00:43', 'FALSE', '0', 9531, 7, 1),
('2017-05-29 18:00:48', 'NULL', '0', 9532, 1, 2),
('2017-05-29 18:00:48', 'NULL', '1081', 9533, 2, 2),
('2017-05-29 18:00:48', 'NULL', '43', 9534, 3, 2),
('2017-05-29 18:00:48', 'NULL', '19', 9535, 4, 2),
('2017-05-29 18:00:48', 'Steven.Seagal@isen-ouest.yncrea.fr', '0', 9536, 5, 2),
('2017-05-29 18:00:48', 'off', '0', 9537, 6, 2),
('2017-05-29 18:00:48', 'FALSE', '0', 9538, 7, 2),
('2017-05-29 18:01:43', 'NULL', '0', 9539, 1, 1),
('2017-05-29 18:01:43', 'NULL', '231', 9540, 2, 1),
('2017-05-29 18:01:43', 'NULL', '75', 9541, 3, 1),
('2017-05-29 18:01:43', 'NULL', '19', 9542, 4, 1),
('2017-05-29 18:01:43', 'Chuck.Norris@isen-ouest.yncrea.fr', '0', 9543, 5, 1),
('2017-05-29 18:01:43', 'off', '0', 9544, 6, 1),
('2017-05-29 18:01:43', 'FALSE', '0', 9545, 7, 1),
('2017-05-29 18:01:48', 'NULL', '0', 9546, 1, 2),
('2017-05-29 18:01:48', 'NULL', '1056', 9547, 2, 2),
('2017-05-29 18:01:48', 'NULL', '46', 9548, 3, 2),
('2017-05-29 18:01:48', 'NULL', '19', 9549, 4, 2),
('2017-05-29 18:01:48', 'Steven.Seagal@isen-ouest.yncrea.fr', '0', 9550, 5, 2),
('2017-05-29 18:01:48', 'off', '0', 9551, 6, 2),
('2017-05-29 18:01:48', 'FALSE', '0', 9552, 7, 2),
('2017-05-29 18:02:43', 'NULL', '0', 9553, 1, 1),
('2017-05-29 18:02:43', 'NULL', '284', 9554, 2, 1),
('2017-05-29 18:02:43', 'NULL', '69', 9555, 3, 1),
('2017-05-29 18:02:43', 'NULL', '20', 9556, 4, 1),
('2017-05-29 18:02:43', 'Chuck.Norris@isen-ouest.yncrea.fr', '0', 9557, 5, 1),
('2017-05-29 18:02:43', 'off', '0', 9558, 6, 1),
('2017-05-29 18:02:43', 'FALSE', '0', 9559, 7, 1),
('2017-05-29 18:02:48', 'NULL', '0', 9560, 1, 2),
('2017-05-29 18:02:48', 'NULL', '1101', 9561, 2, 2),
('2017-05-29 18:02:48', 'NULL', '49', 9562, 3, 2),
('2017-05-29 18:02:48', 'NULL', '20', 9563, 4, 2),
('2017-05-29 18:02:48', 'Steven.Seagal@isen-ouest.yncrea.fr', '0', 9564, 5, 2),
('2017-05-29 18:02:48', 'off', '0', 9565, 6, 2),
('2017-05-29 18:02:48', 'FALSE', '0', 9566, 7, 2),
('2017-05-29 18:03:43', 'NULL', '0', 9567, 1, 1),
('2017-05-29 18:03:43', 'NULL', '260', 9568, 2, 1),
('2017-05-29 18:03:43', 'NULL', '69', 9569, 3, 1),
('2017-05-29 18:03:43', 'NULL', '20', 9570, 4, 1),
('2017-05-29 18:03:43', 'Chuck.Norris@isen-ouest.yncrea.fr', '0', 9571, 5, 1),
('2017-05-29 18:03:43', 'off', '0', 9572, 6, 1),
('2017-05-29 18:03:43', 'FALSE', '0', 9573, 7, 1),
('2017-05-29 18:03:48', 'NULL', '0', 9574, 1, 2),
('2017-05-29 18:03:48', 'NULL', '1074', 9575, 2, 2),
('2017-05-29 18:03:48', 'NULL', '45', 9576, 3, 2),
('2017-05-29 18:03:48', 'NULL', '21', 9577, 4, 2),
('2017-05-29 18:03:48', 'Steven.Seagal@isen-ouest.yncrea.fr', '0', 9578, 5, 2),
('2017-05-29 18:03:48', 'off', '0', 9579, 6, 2),
('2017-05-29 18:03:48', 'FALSE', '0', 9580, 7, 2),
('2017-05-29 18:04:43', 'NULL', '0', 9581, 1, 1),
('2017-05-29 18:04:43', 'NULL', '302', 9582, 2, 1),
('2017-05-29 18:04:43', 'NULL', '66', 9583, 3, 1),
('2017-05-29 18:04:43', 'NULL', '20', 9584, 4, 1),
('2017-05-29 18:04:43', 'Chuck.Norris@isen-ouest.yncrea.fr', '0', 9585, 5, 1),
('2017-05-29 18:04:43', 'off', '0', 9586, 6, 1),
('2017-05-29 18:04:43', 'FALSE', '0', 9587, 7, 1),
('2017-05-29 18:04:48', 'NULL', '0', 9588, 1, 2),
('2017-05-29 18:04:48', 'NULL', '1071', 9589, 2, 2),
('2017-05-29 18:04:48', 'NULL', '49', 9590, 3, 2),
('2017-05-29 18:04:48', 'NULL', '22', 9591, 4, 2),
('2017-05-29 18:04:48', 'Steven.Seagal@isen-ouest.yncrea.fr', '0', 9592, 5, 2),
('2017-05-29 18:04:48', 'off', '0', 9593, 6, 2),
('2017-05-29 18:04:48', 'FALSE', '0', 9594, 7, 2),
('2017-05-29 18:05:43', 'NULL', '0', 9595, 1, 1),
('2017-05-29 18:05:43', 'NULL', '295', 9596, 2, 1),
('2017-05-29 18:05:43', 'NULL', '69', 9597, 3, 1),
('2017-05-29 18:05:43', 'NULL', '17', 9598, 4, 1),
('2017-05-29 18:05:43', 'Chuck.Norris@isen-ouest.yncrea.fr', '0', 9599, 5, 1),
('2017-05-29 18:05:43', 'off', '0', 9600, 6, 1),
('2017-05-29 18:05:43', 'FALSE', '0', 9601, 7, 1),
('2017-05-29 18:05:48', 'NULL', '0', 9602, 1, 2),
('2017-05-29 18:05:48', 'NULL', '1083', 9603, 2, 2),
('2017-05-29 18:05:48', 'NULL', '50', 9604, 3, 2),
('2017-05-29 18:05:48', 'NULL', '20', 9605, 4, 2),
('2017-05-29 18:05:48', 'Steven.Seagal@isen-ouest.yncrea.fr', '0', 9606, 5, 2),
('2017-05-29 18:05:48', 'off', '0', 9607, 6, 2),
('2017-05-29 18:05:48', 'FALSE', '0', 9608, 7, 2),
('2017-05-29 18:06:43', 'NULL', '0', 9609, 1, 1),
('2017-05-29 18:06:43', 'NULL', '249', 9610, 2, 1),
('2017-05-29 18:06:43', 'NULL', '71', 9611, 3, 1),
('2017-05-29 18:06:43', 'NULL', '18', 9612, 4, 1),
('2017-05-29 18:06:43', 'Chuck.Norris@isen-ouest.yncrea.fr', '0', 9613, 5, 1),
('2017-05-29 18:06:43', 'off', '0', 9614, 6, 1),
('2017-05-29 18:06:43', 'FALSE', '0', 9615, 7, 1),
('2017-05-29 18:06:48', 'NULL', '0', 9616, 1, 2),
('2017-05-29 18:06:48', 'NULL', '1095', 9617, 2, 2),
('2017-05-29 18:06:48', 'NULL', '48', 9618, 3, 2),
('2017-05-29 18:06:48', 'NULL', '21', 9619, 4, 2),
('2017-05-29 18:06:48', 'Steven.Seagal@isen-ouest.yncrea.fr', '0', 9620, 5, 2),
('2017-05-29 18:06:48', 'off', '0', 9621, 6, 2),
('2017-05-29 18:06:48', 'FALSE', '0', 9622, 7, 2),
('2017-05-29 18:07:43', 'NULL', '0', 9623, 1, 1),
('2017-05-29 18:07:43', 'NULL', '244', 9624, 2, 1),
('2017-05-29 18:07:43', 'NULL', '69', 9625, 3, 1),
('2017-05-29 18:07:43', 'NULL', '22', 9626, 4, 1),
('2017-05-29 18:07:43', 'Chuck.Norris@isen-ouest.yncrea.fr', '0', 9627, 5, 1),
('2017-05-29 18:07:43', 'off', '0', 9628, 6, 1),
('2017-05-29 18:07:43', 'FALSE', '0', 9629, 7, 1),
('2017-05-29 18:07:48', 'NULL', '0', 9630, 1, 2),
('2017-05-29 18:07:48', 'NULL', '1095', 9631, 2, 2),
('2017-05-29 18:07:48', 'NULL', '51', 9632, 3, 2),
('2017-05-29 18:07:48', 'NULL', '23', 9633, 4, 2),
('2017-05-29 18:07:48', 'Steven.Seagal@isen-ouest.yncrea.fr', '0', 9634, 5, 2),
('2017-05-29 18:07:48', 'off', '0', 9635, 6, 2),
('2017-05-29 18:07:48', 'FALSE', '0', 9636, 7, 2),
('2017-05-29 18:08:43', 'NULL', '0', 9637, 1, 1),
('2017-05-29 18:08:43', 'NULL', '241', 9638, 2, 1),
('2017-05-29 18:08:43', 'NULL', '66', 9639, 3, 1),
('2017-05-29 18:08:43', 'NULL', '19', 9640, 4, 1),
('2017-05-29 18:08:43', 'Chuck.Norris@isen-ouest.yncrea.fr', '0', 9641, 5, 1),
('2017-05-29 18:08:43', 'off', '0', 9642, 6, 1),
('2017-05-29 18:08:43', 'FALSE', '0', 9643, 7, 1),
('2017-05-29 18:08:48', 'NULL', '0', 9644, 1, 2),
('2017-05-29 18:08:48', 'NULL', '1110', 9645, 2, 2),
('2017-05-29 18:08:48', 'NULL', '49', 9646, 3, 2),
('2017-05-29 18:08:48', 'NULL', '21', 9647, 4, 2),
('2017-05-29 18:08:48', 'Steven.Seagal@isen-ouest.yncrea.fr', '0', 9648, 5, 2),
('2017-05-29 18:08:48', 'off', '0', 9649, 6, 2),
('2017-05-29 18:08:48', 'FALSE', '0', 9650, 7, 2),
('2017-05-29 18:09:43', 'NULL', '0', 9651, 1, 1),
('2017-05-29 18:09:43', 'NULL', '287', 9652, 2, 1),
('2017-05-29 18:09:43', 'NULL', '75', 9653, 3, 1),
('2017-05-29 18:09:43', 'NULL', '20', 9654, 4, 1),
('2017-05-29 18:09:43', 'Chuck.Norris@isen-ouest.yncrea.fr', '0', 9655, 5, 1),
('2017-05-29 18:09:43', 'off', '0', 9656, 6, 1),
('2017-05-29 18:09:43', 'FALSE', '0', 9657, 7, 1),
('2017-05-29 18:09:48', 'NULL', '0', 9658, 1, 2),
('2017-05-29 18:09:48', 'NULL', '1098', 9659, 2, 2),
('2017-05-29 18:09:48', 'NULL', '49', 9660, 3, 2),
('2017-05-29 18:09:48', 'NULL', '23', 9661, 4, 2),
('2017-05-29 18:09:48', 'Steven.Seagal@isen-ouest.yncrea.fr', '0', 9662, 5, 2),
('2017-05-29 18:09:48', 'off', '0', 9663, 6, 2),
('2017-05-29 18:09:48', 'FALSE', '0', 9664, 7, 2),
('2017-05-29 18:10:43', 'NULL', '0', 9665, 1, 1),
('2017-05-29 18:10:43', 'NULL', '284', 9666, 2, 1),
('2017-05-29 18:10:43', 'NULL', '67', 9667, 3, 1),
('2017-05-29 18:10:43', 'NULL', '14', 9668, 4, 1),
('2017-05-29 18:10:43', 'Chuck.Norris@isen-ouest.yncrea.fr', '0', 9669, 5, 1),
('2017-05-29 18:10:43', 'off', '0', 9670, 6, 1),
('2017-05-29 18:10:43', 'FALSE', '0', 9671, 7, 1),
('2017-05-29 18:10:48', 'NULL', '0', 9672, 1, 2),
('2017-05-29 18:10:48', 'NULL', '1090', 9673, 2, 2),
('2017-05-29 18:10:48', 'NULL', '51', 9674, 3, 2),
('2017-05-29 18:10:48', 'NULL', '20', 9675, 4, 2),
('2017-05-29 18:10:48', 'Steven.Seagal@isen-ouest.yncrea.fr', '0', 9676, 5, 2),
('2017-05-29 18:10:48', 'off', '0', 9677, 6, 2),
('2017-05-29 18:10:48', 'FALSE', '0', 9678, 7, 2),
('2017-05-29 18:11:43', 'NULL', '0', 9679, 1, 1),
('2017-05-29 18:11:43', 'NULL', '248', 9680, 2, 1),
('2017-05-29 18:11:43', 'NULL', '71', 9681, 3, 1),
('2017-05-29 18:11:43', 'NULL', '17', 9682, 4, 1),
('2017-05-29 18:11:43', 'Chuck.Norris@isen-ouest.yncrea.fr', '0', 9683, 5, 1),
('2017-05-29 18:11:43', 'off', '0', 9684, 6, 1),
('2017-05-29 18:11:43', 'FALSE', '0', 9685, 7, 1),
('2017-05-29 18:11:48', 'NULL', '0', 9686, 1, 2),
('2017-05-29 18:11:48', 'NULL', '1080', 9687, 2, 2),
('2017-05-29 18:11:48', 'NULL', '48', 9688, 3, 2),
('2017-05-29 18:11:48', 'NULL', '19', 9689, 4, 2),
('2017-05-29 18:11:48', 'Steven.Seagal@isen-ouest.yncrea.fr', '0', 9690, 5, 2),
('2017-05-29 18:11:48', 'off', '0', 9691, 6, 2),
('2017-05-29 18:11:48', 'FALSE', '0', 9692, 7, 2),
('2017-05-29 18:12:43', 'NULL', '0', 9693, 1, 1),
('2017-05-29 18:12:43', 'NULL', '254', 9694, 2, 1),
('2017-05-29 18:12:43', 'NULL', '76', 9695, 3, 1),
('2017-05-29 18:12:43', 'NULL', '19', 9696, 4, 1),
('2017-05-29 18:12:43', 'Chuck.Norris@isen-ouest.yncrea.fr', '0', 9697, 5, 1),
('2017-05-29 18:12:43', 'off', '0', 9698, 6, 1),
('2017-05-29 18:12:43', 'FALSE', '0', 9699, 7, 1),
('2017-05-29 18:12:48', 'NULL', '0', 9700, 1, 2),
('2017-05-29 18:12:48', 'NULL', '1072', 9701, 2, 2),
('2017-05-29 18:12:48', 'NULL', '45', 9702, 3, 2),
('2017-05-29 18:12:48', 'NULL', '20', 9703, 4, 2),
('2017-05-29 18:12:48', 'Steven.Seagal@isen-ouest.yncrea.fr', '0', 9704, 5, 2),
('2017-05-29 18:12:48', 'off', '0', 9705, 6, 2),
('2017-05-29 18:12:48', 'FALSE', '0', 9706, 7, 2),
('2017-05-29 18:13:43', 'NULL', '0', 9707, 1, 1),
('2017-05-29 18:13:43', 'NULL', '255', 9708, 2, 1),
('2017-05-29 18:13:43', 'NULL', '73', 9709, 3, 1),
('2017-05-29 18:13:43', 'NULL', '19', 9710, 4, 1),
('2017-05-29 18:13:43', 'Chuck.Norris@isen-ouest.yncrea.fr', '0', 9711, 5, 1),
('2017-05-29 18:13:43', 'off', '0', 9712, 6, 1),
('2017-05-29 18:13:43', 'FALSE', '0', 9713, 7, 1),
('2017-05-29 18:13:48', 'NULL', '0', 9714, 1, 2),
('2017-05-29 18:13:48', 'NULL', '1087', 9715, 2, 2),
('2017-05-29 18:13:48', 'NULL', '51', 9716, 3, 2),
('2017-05-29 18:13:48', 'NULL', '20', 9717, 4, 2),
('2017-05-29 18:13:48', 'Steven.Seagal@isen-ouest.yncrea.fr', '0', 9718, 5, 2),
('2017-05-29 18:13:48', 'off', '0', 9719, 6, 2),
('2017-05-29 18:13:48', 'FALSE', '0', 9720, 7, 2),
('2017-05-29 18:14:43', 'NULL', '0', 9721, 1, 1),
('2017-05-29 18:14:43', 'NULL', '248', 9722, 2, 1),
('2017-05-29 18:14:43', 'NULL', '76', 9723, 3, 1),
('2017-05-29 18:14:43', 'NULL', '19', 9724, 4, 1),
('2017-05-29 18:14:43', 'Chuck.Norris@isen-ouest.yncrea.fr', '0', 9725, 5, 1),
('2017-05-29 18:14:43', 'off', '0', 9726, 6, 1),
('2017-05-29 18:14:43', 'FALSE', '0', 9727, 7, 1),
('2017-05-29 18:14:48', 'NULL', '0', 9728, 1, 2),
('2017-05-29 18:14:48', 'NULL', '1035', 9729, 2, 2),
('2017-05-29 18:14:48', 'NULL', '41', 9730, 3, 2),
('2017-05-29 18:14:48', 'NULL', '20', 9731, 4, 2),
('2017-05-29 18:14:48', 'Steven.Seagal@isen-ouest.yncrea.fr', '0', 9732, 5, 2),
('2017-05-29 18:14:48', 'off', '0', 9733, 6, 2),
('2017-05-29 18:14:48', 'FALSE', '0', 9734, 7, 2),
('2017-05-29 18:15:43', 'NULL', '0', 9735, 1, 1),
('2017-05-29 18:15:43', 'NULL', '287', 9736, 2, 1),
('2017-05-29 18:15:43', 'NULL', '71', 9737, 3, 1),
('2017-05-29 18:15:43', 'NULL', '17', 9738, 4, 1),
('2017-05-29 18:15:43', 'Chuck.Norris@isen-ouest.yncrea.fr', '0', 9739, 5, 1),
('2017-05-29 18:15:43', 'off', '0', 9740, 6, 1),
('2017-05-29 18:15:43', 'FALSE', '0', 9741, 7, 1),
('2017-05-29 18:15:48', 'NULL', '0', 9742, 1, 2),
('2017-05-29 18:15:48', 'NULL', '1068', 9743, 2, 2),
('2017-05-29 18:15:48', 'NULL', '48', 9744, 3, 2),
('2017-05-29 18:15:48', 'NULL', '21', 9745, 4, 2),
('2017-05-29 18:15:48', 'Steven.Seagal@isen-ouest.yncrea.fr', '0', 9746, 5, 2),
('2017-05-29 18:15:48', 'off', '0', 9747, 6, 2),
('2017-05-29 18:15:48', 'FALSE', '0', 9748, 7, 2),
('2017-05-29 18:16:43', 'NULL', '0', 9749, 1, 1),
('2017-05-29 18:16:43', 'NULL', '337', 9750, 2, 1),
('2017-05-29 18:16:43', 'NULL', '68', 9751, 3, 1),
('2017-05-29 18:16:43', 'NULL', '14', 9752, 4, 1),
('2017-05-29 18:16:43', 'Chuck.Norris@isen-ouest.yncrea.fr', '0', 9753, 5, 1),
('2017-05-29 18:16:43', 'off', '0', 9754, 6, 1),
('2017-05-29 18:16:43', 'FALSE', '0', 9755, 7, 1),
('2017-05-29 18:16:48', 'NULL', '0', 9756, 1, 2),
('2017-05-29 18:16:48', 'NULL', '1078', 9757, 2, 2),
('2017-05-29 18:16:48', 'NULL', '44', 9758, 3, 2),
('2017-05-29 18:16:48', 'NULL', '21', 9759, 4, 2),
('2017-05-29 18:16:48', 'Steven.Seagal@isen-ouest.yncrea.fr', '0', 9760, 5, 2),
('2017-05-29 18:16:48', 'off', '0', 9761, 6, 2),
('2017-05-29 18:16:48', 'FALSE', '0', 9762, 7, 2),
('2017-05-29 18:17:43', 'NULL', '0', 9763, 1, 1),
('2017-05-29 18:17:43', 'NULL', '256', 9764, 2, 1),
('2017-05-29 18:17:43', 'NULL', '72', 9765, 3, 1),
('2017-05-29 18:17:43', 'NULL', '19', 9766, 4, 1),
('2017-05-29 18:17:43', 'Chuck.Norris@isen-ouest.yncrea.fr', '0', 9767, 5, 1),
('2017-05-29 18:17:43', 'off', '0', 9768, 6, 1),
('2017-05-29 18:17:43', 'FALSE', '0', 9769, 7, 1),
('2017-05-29 18:17:48', 'NULL', '0', 9770, 1, 2),
('2017-05-29 18:17:48', 'NULL', '1104', 9771, 2, 2),
('2017-05-29 18:17:48', 'NULL', '53', 9772, 3, 2),
('2017-05-29 18:17:48', 'NULL', '20', 9773, 4, 2),
('2017-05-29 18:17:48', 'Steven.Seagal@isen-ouest.yncrea.fr', '0', 9774, 5, 2),
('2017-05-29 18:17:48', 'off', '0', 9775, 6, 2),
('2017-05-29 18:17:48', 'FALSE', '0', 9776, 7, 2),
('2017-05-29 18:18:43', 'NULL', '0', 9777, 1, 1),
('2017-05-29 18:18:43', 'NULL', '312', 9778, 2, 1),
('2017-05-29 18:18:43', 'NULL', '69', 9779, 3, 1),
('2017-05-29 18:18:43', 'NULL', '13', 9780, 4, 1),
('2017-05-29 18:18:43', 'Chuck.Norris@isen-ouest.yncrea.fr', '0', 9781, 5, 1),
('2017-05-29 18:18:43', 'off', '0', 9782, 6, 1),
('2017-05-29 18:18:43', 'FALSE', '0', 9783, 7, 1),
('2017-05-29 18:18:48', 'NULL', '0', 9784, 1, 2),
('2017-05-29 18:18:48', 'NULL', '1032', 9785, 2, 2),
('2017-05-29 18:18:48', 'NULL', '51', 9786, 3, 2),
('2017-05-29 18:18:48', 'NULL', '20', 9787, 4, 2),
('2017-05-29 18:18:48', 'Steven.Seagal@isen-ouest.yncrea.fr', '0', 9788, 5, 2),
('2017-05-29 18:18:48', 'off', '0', 9789, 6, 2),
('2017-05-29 18:18:48', 'FALSE', '0', 9790, 7, 2),
('2017-05-29 18:21:43', 'NULL', '0', 9791, 1, 1),
('2017-05-29 18:21:43', 'NULL', '237', 9792, 2, 1),
('2017-05-29 18:21:43', 'NULL', '73', 9793, 3, 1),
('2017-05-29 18:21:43', 'NULL', '13', 9794, 4, 1),
('2017-05-29 18:21:43', 'Chuck.Norris@isen-ouest.yncrea.fr', '0', 9795, 5, 1),
('2017-05-29 18:21:43', 'off', '0', 9796, 6, 1),
('2017-05-29 18:21:43', 'FALSE', '0', 9797, 7, 1),
('2017-05-29 18:22:43', 'NULL', '0', 9798, 1, 1),
('2017-05-29 18:22:43', 'NULL', '279', 9799, 2, 1),
('2017-05-29 18:22:43', 'NULL', '71', 9800, 3, 1),
('2017-05-29 18:22:43', 'NULL', '20', 9801, 4, 1),
('2017-05-29 18:22:43', 'Chuck.Norris@isen-ouest.yncrea.fr', '0', 9802, 5, 1),
('2017-05-29 18:22:43', 'off', '0', 9803, 6, 1),
('2017-05-29 18:22:43', 'FALSE', '0', 9804, 7, 1),
('2017-05-29 18:22:48', 'NULL', '0', 9805, 1, 2),
('2017-05-29 18:22:48', 'NULL', '999', 9806, 2, 2),
('2017-05-29 18:22:48', 'NULL', '50', 9807, 3, 2),
('2017-05-29 18:22:48', 'NULL', '21', 9808, 4, 2),
('2017-05-29 18:22:48', 'Steven.Seagal@isen-ouest.yncrea.fr', '0', 9809, 5, 2),
('2017-05-29 18:22:48', 'off', '0', 9810, 6, 2),
('2017-05-29 18:22:48', 'FALSE', '0', 9811, 7, 2),
('2017-05-29 18:23:43', 'NULL', '0', 9812, 1, 1),
('2017-05-29 18:23:43', 'NULL', '256', 9813, 2, 1),
('2017-05-29 18:23:43', 'NULL', '78', 9814, 3, 1),
('2017-05-29 18:23:43', 'NULL', '18', 9815, 4, 1),
('2017-05-29 18:23:43', 'Chuck.Norris@isen-ouest.yncrea.fr', '0', 9816, 5, 1),
('2017-05-29 18:23:43', 'off', '0', 9817, 6, 1),
('2017-05-29 18:23:43', 'FALSE', '0', 9818, 7, 1),
('2017-05-29 18:23:48', 'NULL', '0', 9819, 1, 2),
('2017-05-29 18:23:48', 'NULL', '1134', 9820, 2, 2),
('2017-05-29 18:23:48', 'NULL', '51', 9821, 3, 2),
('2017-05-29 18:23:48', 'NULL', '21', 9822, 4, 2),
('2017-05-29 18:23:48', 'Steven.Seagal@isen-ouest.yncrea.fr', '0', 9823, 5, 2),
('2017-05-29 18:23:48', 'off', '0', 9824, 6, 2),
('2017-05-29 18:23:48', 'FALSE', '0', 9825, 7, 2),
('2017-05-29 18:24:43', 'NULL', '0', 9826, 1, 1),
('2017-05-29 18:24:43', 'NULL', '255', 9827, 2, 1),
('2017-05-29 18:24:43', 'NULL', '71', 9828, 3, 1),
('2017-05-29 18:24:43', 'NULL', '15', 9829, 4, 1),
('2017-05-29 18:24:43', 'Chuck.Norris@isen-ouest.yncrea.fr', '0', 9830, 5, 1),
('2017-05-29 18:24:43', 'off', '0', 9831, 6, 1),
('2017-05-29 18:24:43', 'FALSE', '0', 9832, 7, 1),
('2017-05-29 18:24:48', 'NULL', '0', 9833, 1, 2),
('2017-05-29 18:24:48', 'NULL', '1119', 9834, 2, 2),
('2017-05-29 18:24:48', 'NULL', '47', 9835, 3, 2),
('2017-05-29 18:24:48', 'NULL', '22', 9836, 4, 2),
('2017-05-29 18:24:48', 'Steven.Seagal@isen-ouest.yncrea.fr', '0', 9837, 5, 2),
('2017-05-29 18:24:48', 'off', '0', 9838, 6, 2),
('2017-05-29 18:24:48', 'FALSE', '0', 9839, 7, 2),
('2017-05-29 18:25:43', 'NULL', '0', 9840, 1, 1),
('2017-05-29 18:25:43', 'NULL', '286', 9841, 2, 1),
('2017-05-29 18:25:43', 'NULL', '72', 9842, 3, 1),
('2017-05-29 18:25:43', 'NULL', '17', 9843, 4, 1),
('2017-05-29 18:25:43', 'Chuck.Norris@isen-ouest.yncrea.fr', '0', 9844, 5, 1),
('2017-05-29 18:25:43', 'off', '0', 9845, 6, 1),
('2017-05-29 18:25:43', 'FALSE', '0', 9846, 7, 1),
('2017-05-29 18:25:48', 'NULL', '0', 9847, 1, 2),
('2017-05-29 18:25:48', 'NULL', '1089', 9848, 2, 2),
('2017-05-29 18:25:48', 'NULL', '42', 9849, 3, 2),
('2017-05-29 18:25:48', 'NULL', '21', 9850, 4, 2),
('2017-05-29 18:25:48', 'Steven.Seagal@isen-ouest.yncrea.fr', '0', 9851, 5, 2),
('2017-05-29 18:25:48', 'off', '0', 9852, 6, 2),
('2017-05-29 18:25:48', 'FALSE', '0', 9853, 7, 2),
('2017-05-29 18:26:43', 'NULL', '0', 9854, 1, 1),
('2017-05-29 18:26:43', 'NULL', '257', 9855, 2, 1),
('2017-05-29 18:26:43', 'NULL', '71', 9856, 3, 1),
('2017-05-29 18:26:43', 'NULL', '18', 9857, 4, 1),
('2017-05-29 18:26:43', 'Chuck.Norris@isen-ouest.yncrea.fr', '0', 9858, 5, 1),
('2017-05-29 18:26:43', 'off', '0', 9859, 6, 1),
('2017-05-29 18:26:43', 'FALSE', '0', 9860, 7, 1),
('2017-05-29 18:26:48', 'NULL', '0', 9861, 1, 2),
('2017-05-29 18:26:48', 'NULL', '1068', 9862, 2, 2),
('2017-05-29 18:26:48', 'NULL', '46', 9863, 3, 2),
('2017-05-29 18:26:48', 'NULL', '22', 9864, 4, 2),
('2017-05-29 18:26:48', 'Steven.Seagal@isen-ouest.yncrea.fr', '0', 9865, 5, 2),
('2017-05-29 18:26:48', 'off', '0', 9866, 6, 2),
('2017-05-29 18:26:48', 'FALSE', '0', 9867, 7, 2),
('2017-05-29 18:27:43', 'NULL', '0', 9868, 1, 1),
('2017-05-29 18:27:43', 'NULL', '232', 9869, 2, 1),
('2017-05-29 18:27:43', 'NULL', '72', 9870, 3, 1),
('2017-05-29 18:27:43', 'NULL', '16', 9871, 4, 1),
('2017-05-29 18:27:43', 'Chuck.Norris@isen-ouest.yncrea.fr', '0', 9872, 5, 1),
('2017-05-29 18:27:43', 'off', '0', 9873, 6, 1),
('2017-05-29 18:27:43', 'FALSE', '0', 9874, 7, 1),
('2017-05-29 18:27:48', 'NULL', '0', 9875, 1, 2),
('2017-05-29 18:27:48', 'NULL', '1068', 9876, 2, 2),
('2017-05-29 18:27:48', 'NULL', '48', 9877, 3, 2),
('2017-05-29 18:27:48', 'NULL', '20', 9878, 4, 2),
('2017-05-29 18:27:48', 'Steven.Seagal@isen-ouest.yncrea.fr', '0', 9879, 5, 2),
('2017-05-29 18:27:48', 'off', '0', 9880, 6, 2),
('2017-05-29 18:27:48', 'FALSE', '0', 9881, 7, 2),
('2017-05-29 18:28:43', 'NULL', '0', 9882, 1, 1),
('2017-05-29 18:28:43', 'NULL', '277', 9883, 2, 1),
('2017-05-29 18:28:43', 'NULL', '70', 9884, 3, 1),
('2017-05-29 18:28:43', 'NULL', '18', 9885, 4, 1),
('2017-05-29 18:28:43', 'Chuck.Norris@isen-ouest.yncrea.fr', '0', 9886, 5, 1),
('2017-05-29 18:28:43', 'off', '0', 9887, 6, 1),
('2017-05-29 18:28:43', 'FALSE', '0', 9888, 7, 1),
('2017-05-29 18:28:48', 'NULL', '0', 9889, 1, 2),
('2017-05-29 18:28:48', 'NULL', '1060', 9890, 2, 2),
('2017-05-29 18:28:48', 'NULL', '48', 9891, 3, 2),
('2017-05-29 18:28:48', 'NULL', '23', 9892, 4, 2),
('2017-05-29 18:28:48', 'Steven.Seagal@isen-ouest.yncrea.fr', '0', 9893, 5, 2),
('2017-05-29 18:28:48', 'off', '0', 9894, 6, 2),
('2017-05-29 18:28:48', 'FALSE', '0', 9895, 7, 2),
('2017-05-29 18:29:43', 'NULL', '0', 9896, 1, 1),
('2017-05-29 18:29:43', 'NULL', '297', 9897, 2, 1),
('2017-05-29 18:29:43', 'NULL', '74', 9898, 3, 1),
('2017-05-29 18:29:43', 'NULL', '17', 9899, 4, 1),
('2017-05-29 18:29:43', 'Chuck.Norris@isen-ouest.yncrea.fr', '0', 9900, 5, 1),
('2017-05-29 18:29:43', 'off', '0', 9901, 6, 1),
('2017-05-29 18:29:43', 'FALSE', '0', 9902, 7, 1),
('2017-05-29 18:29:48', 'NULL', '0', 9903, 1, 2),
('2017-05-29 18:29:48', 'NULL', '1089', 9904, 2, 2),
('2017-05-29 18:29:48', 'NULL', '49', 9905, 3, 2),
('2017-05-29 18:29:48', 'NULL', '21', 9906, 4, 2),
('2017-05-29 18:29:48', 'Steven.Seagal@isen-ouest.yncrea.fr', '0', 9907, 5, 2),
('2017-05-29 18:29:48', 'off', '0', 9908, 6, 2),
('2017-05-29 18:29:48', 'FALSE', '0', 9909, 7, 2),
('2017-05-29 18:30:43', 'NULL', '0', 9910, 1, 1),
('2017-05-29 18:30:43', 'NULL', '342', 9911, 2, 1),
('2017-05-29 18:30:43', 'NULL', '67', 9912, 3, 1),
('2017-05-29 18:30:43', 'NULL', '17', 9913, 4, 1),
('2017-05-29 18:30:43', 'Chuck.Norris@isen-ouest.yncrea.fr', '0', 9914, 5, 1),
('2017-05-29 18:30:43', 'off', '0', 9915, 6, 1),
('2017-05-29 18:30:43', 'FALSE', '0', 9916, 7, 1),
('2017-05-29 18:30:48', 'NULL', '0', 9917, 1, 2),
('2017-05-29 18:30:48', 'NULL', '1066', 9918, 2, 2),
('2017-05-29 18:30:48', 'NULL', '47', 9919, 3, 2),
('2017-05-29 18:30:48', 'NULL', '22', 9920, 4, 2),
('2017-05-29 18:30:48', 'Steven.Seagal@isen-ouest.yncrea.fr', '0', 9921, 5, 2),
('2017-05-29 18:30:48', 'off', '0', 9922, 6, 2),
('2017-05-29 18:30:48', 'FALSE', '0', 9923, 7, 2),
('2017-05-29 18:31:43', 'NULL', '0', 9924, 1, 1),
('2017-05-29 18:31:43', 'NULL', '320', 9925, 2, 1),
('2017-05-29 18:31:43', 'NULL', '66', 9926, 3, 1),
('2017-05-29 18:31:43', 'NULL', '15', 9927, 4, 1),
('2017-05-29 18:31:43', 'Chuck.Norris@isen-ouest.yncrea.fr', '0', 9928, 5, 1),
('2017-05-29 18:31:43', 'off', '0', 9929, 6, 1),
('2017-05-29 18:31:43', 'FALSE', '0', 9930, 7, 1),
('2017-05-29 18:31:48', 'NULL', '0', 9931, 1, 2),
('2017-05-29 18:31:48', 'NULL', '1054', 9932, 2, 2),
('2017-05-29 18:31:48', 'NULL', '45', 9933, 3, 2),
('2017-05-29 18:31:48', 'NULL', '21', 9934, 4, 2),
('2017-05-29 18:31:48', 'Steven.Seagal@isen-ouest.yncrea.fr', '0', 9935, 5, 2),
('2017-05-29 18:31:48', 'off', '0', 9936, 6, 2),
('2017-05-29 18:31:48', 'FALSE', '0', 9937, 7, 2),
('2017-05-29 18:32:43', 'NULL', '0', 9938, 1, 1),
('2017-05-29 18:32:43', 'NULL', '243', 9939, 2, 1),
('2017-05-29 18:32:43', 'NULL', '72', 9940, 3, 1),
('2017-05-29 18:32:43', 'NULL', '19', 9941, 4, 1),
('2017-05-29 18:32:43', 'Chuck.Norris@isen-ouest.yncrea.fr', '0', 9942, 5, 1),
('2017-05-29 18:32:43', 'off', '0', 9943, 6, 1),
('2017-05-29 18:32:43', 'FALSE', '0', 9944, 7, 1),
('2017-05-29 18:32:48', 'NULL', '0', 9945, 1, 2),
('2017-05-29 18:32:48', 'NULL', '1063', 9946, 2, 2),
('2017-05-29 18:32:48', 'NULL', '49', 9947, 3, 2),
('2017-05-29 18:32:48', 'NULL', '21', 9948, 4, 2),
('2017-05-29 18:32:48', 'Steven.Seagal@isen-ouest.yncrea.fr', '0', 9949, 5, 2),
('2017-05-29 18:32:48', 'off', '0', 9950, 6, 2),
('2017-05-29 18:32:48', 'FALSE', '0', 9951, 7, 2),
('2017-05-29 18:33:43', 'NULL', '0', 9952, 1, 1),
('2017-05-29 18:33:43', 'NULL', '283', 9953, 2, 1),
('2017-05-29 18:33:43', 'NULL', '65', 9954, 3, 1),
('2017-05-29 18:33:43', 'NULL', '17', 9955, 4, 1),
('2017-05-29 18:33:43', 'Chuck.Norris@isen-ouest.yncrea.fr', '0', 9956, 5, 1),
('2017-05-29 18:33:43', 'off', '0', 9957, 6, 1),
('2017-05-29 18:33:43', 'FALSE', '0', 9958, 7, 1),
('2017-05-29 18:33:48', 'NULL', '0', 9959, 1, 2),
('2017-05-29 18:33:48', 'NULL', '1071', 9960, 2, 2),
('2017-05-29 18:33:48', 'NULL', '49', 9961, 3, 2),
('2017-05-29 18:33:48', 'NULL', '19', 9962, 4, 2),
('2017-05-29 18:33:48', 'Steven.Seagal@isen-ouest.yncrea.fr', '0', 9963, 5, 2),
('2017-05-29 18:33:48', 'off', '0', 9964, 6, 2),
('2017-05-29 18:33:48', 'FALSE', '0', 9965, 7, 2),
('2017-05-29 18:34:43', 'NULL', '0', 9966, 1, 1),
('2017-05-29 18:34:43', 'NULL', '271', 9967, 2, 1),
('2017-05-29 18:34:43', 'NULL', '73', 9968, 3, 1),
('2017-05-29 18:34:43', 'NULL', '18', 9969, 4, 1),
('2017-05-29 18:34:43', 'Chuck.Norris@isen-ouest.yncrea.fr', '0', 9970, 5, 1),
('2017-05-29 18:34:43', 'off', '0', 9971, 6, 1);
INSERT INTO `VALUE` (`DTIME`, `CAR`, `NUM`, `ID_VALUE`, `TYPE`, `ID_ROOM`) VALUES
('2017-05-29 18:34:43', 'FALSE', '0', 9972, 7, 1),
('2017-05-29 18:34:48', 'NULL', '0', 9973, 1, 2),
('2017-05-29 18:34:48', 'NULL', '1060', 9974, 2, 2),
('2017-05-29 18:34:48', 'NULL', '54', 9975, 3, 2),
('2017-05-29 18:34:48', 'NULL', '20', 9976, 4, 2),
('2017-05-29 18:34:48', 'Steven.Seagal@isen-ouest.yncrea.fr', '0', 9977, 5, 2),
('2017-05-29 18:34:48', 'off', '0', 9978, 6, 2),
('2017-05-29 18:34:48', 'FALSE', '0', 9979, 7, 2),
('2017-05-29 18:35:43', 'NULL', '0', 9980, 1, 1),
('2017-05-29 18:35:43', 'NULL', '271', 9981, 2, 1),
('2017-05-29 18:35:43', 'NULL', '72', 9982, 3, 1),
('2017-05-29 18:35:43', 'NULL', '18', 9983, 4, 1),
('2017-05-29 18:35:43', 'Chuck.Norris@isen-ouest.yncrea.fr', '0', 9984, 5, 1),
('2017-05-29 18:35:43', 'off', '0', 9985, 6, 1),
('2017-05-29 18:35:43', 'FALSE', '0', 9986, 7, 1),
('2017-05-29 18:35:48', 'NULL', '0', 9987, 1, 2),
('2017-05-29 18:35:48', 'NULL', '1126', 9988, 2, 2),
('2017-05-29 18:35:48', 'NULL', '53', 9989, 3, 2),
('2017-05-29 18:35:48', 'NULL', '22', 9990, 4, 2),
('2017-05-29 18:35:48', 'Steven.Seagal@isen-ouest.yncrea.fr', '0', 9991, 5, 2),
('2017-05-29 18:35:48', 'off', '0', 9992, 6, 2),
('2017-05-29 18:35:48', 'FALSE', '0', 9993, 7, 2),
('2017-05-29 18:36:43', 'NULL', '0', 9994, 1, 1),
('2017-05-29 18:36:43', 'NULL', '290', 9995, 2, 1),
('2017-05-29 18:36:43', 'NULL', '69', 9996, 3, 1),
('2017-05-29 18:36:43', 'NULL', '17', 9997, 4, 1),
('2017-05-29 18:36:43', 'Chuck.Norris@isen-ouest.yncrea.fr', '0', 9998, 5, 1),
('2017-05-29 18:36:43', 'off', '0', 9999, 6, 1),
('2017-05-29 18:36:43', 'FALSE', '0', 10000, 7, 1),
('2017-05-29 18:36:48', 'NULL', '0', 10001, 1, 2),
('2017-05-29 18:36:48', 'NULL', '1092', 10002, 2, 2),
('2017-05-29 18:36:48', 'NULL', '46', 10003, 3, 2),
('2017-05-29 18:36:48', 'NULL', '20', 10004, 4, 2),
('2017-05-29 18:36:48', 'Steven.Seagal@isen-ouest.yncrea.fr', '0', 10005, 5, 2),
('2017-05-29 18:36:48', 'off', '0', 10006, 6, 2),
('2017-05-29 18:36:48', 'FALSE', '0', 10007, 7, 2),
('2017-05-29 18:37:43', 'NULL', '0', 10008, 1, 1),
('2017-05-29 18:37:43', 'NULL', '327', 10009, 2, 1),
('2017-05-29 18:37:43', 'NULL', '69', 10010, 3, 1),
('2017-05-29 18:37:43', 'NULL', '17', 10011, 4, 1),
('2017-05-29 18:37:43', 'Chuck.Norris@isen-ouest.yncrea.fr', '0', 10012, 5, 1),
('2017-05-29 18:37:43', 'off', '0', 10013, 6, 1),
('2017-05-29 18:37:43', 'FALSE', '0', 10014, 7, 1),
('2017-05-29 18:37:48', 'NULL', '0', 10015, 1, 2),
('2017-05-29 18:37:48', 'NULL', '990', 10016, 2, 2),
('2017-05-29 18:37:48', 'NULL', '58', 10017, 3, 2),
('2017-05-29 18:37:48', 'NULL', '21', 10018, 4, 2),
('2017-05-29 18:37:48', 'Steven.Seagal@isen-ouest.yncrea.fr', '0', 10019, 5, 2),
('2017-05-29 18:37:48', 'off', '0', 10020, 6, 2),
('2017-05-29 18:37:48', 'FALSE', '0', 10021, 7, 2),
('2017-05-29 18:38:43', 'NULL', '0', 10022, 1, 1),
('2017-05-29 18:38:43', 'NULL', '252', 10023, 2, 1),
('2017-05-29 18:38:43', 'NULL', '77', 10024, 3, 1),
('2017-05-29 18:38:43', 'NULL', '16', 10025, 4, 1),
('2017-05-29 18:38:43', 'Chuck.Norris@isen-ouest.yncrea.fr', '0', 10026, 5, 1),
('2017-05-29 18:38:43', 'off', '0', 10027, 6, 1),
('2017-05-29 18:38:43', 'FALSE', '0', 10028, 7, 1),
('2017-05-29 18:38:48', 'NULL', '0', 10029, 1, 2),
('2017-05-29 18:38:48', 'NULL', '1108', 10030, 2, 2),
('2017-05-29 18:38:48', 'NULL', '52', 10031, 3, 2),
('2017-05-29 18:38:48', 'NULL', '21', 10032, 4, 2),
('2017-05-29 18:38:48', 'Steven.Seagal@isen-ouest.yncrea.fr', '0', 10033, 5, 2),
('2017-05-29 18:38:48', 'off', '0', 10034, 6, 2),
('2017-05-29 18:38:48', 'FALSE', '0', 10035, 7, 2),
('2017-05-29 18:39:43', 'NULL', '0', 10036, 1, 1),
('2017-05-29 18:39:43', 'NULL', '299', 10037, 2, 1),
('2017-05-29 18:39:43', 'NULL', '77', 10038, 3, 1),
('2017-05-29 18:39:43', 'NULL', '18', 10039, 4, 1),
('2017-05-29 18:39:43', 'Chuck.Norris@isen-ouest.yncrea.fr', '0', 10040, 5, 1),
('2017-05-29 18:39:43', 'off', '0', 10041, 6, 1),
('2017-05-29 18:39:43', 'FALSE', '0', 10042, 7, 1),
('2017-05-29 18:39:48', 'NULL', '0', 10043, 1, 2),
('2017-05-29 18:39:48', 'NULL', '1042', 10044, 2, 2),
('2017-05-29 18:39:48', 'NULL', '46', 10045, 3, 2),
('2017-05-29 18:39:48', 'NULL', '21', 10046, 4, 2),
('2017-05-29 18:39:48', 'Steven.Seagal@isen-ouest.yncrea.fr', '0', 10047, 5, 2),
('2017-05-29 18:39:48', 'off', '0', 10048, 6, 2),
('2017-05-29 18:39:48', 'FALSE', '0', 10049, 7, 2),
('2017-05-29 18:40:43', 'NULL', '0', 10050, 1, 1),
('2017-05-29 18:40:43', 'NULL', '297', 10051, 2, 1),
('2017-05-29 18:40:43', 'NULL', '70', 10052, 3, 1),
('2017-05-29 18:40:43', 'NULL', '18', 10053, 4, 1),
('2017-05-29 18:40:43', 'Chuck.Norris@isen-ouest.yncrea.fr', '0', 10054, 5, 1),
('2017-05-29 18:40:43', 'off', '0', 10055, 6, 1),
('2017-05-29 18:40:43', 'FALSE', '0', 10056, 7, 1),
('2017-05-29 18:40:48', 'NULL', '0', 10057, 1, 2),
('2017-05-29 18:40:48', 'NULL', '1104', 10058, 2, 2),
('2017-05-29 18:40:48', 'NULL', '48', 10059, 3, 2),
('2017-05-29 18:40:48', 'NULL', '21', 10060, 4, 2),
('2017-05-29 18:40:48', 'Steven.Seagal@isen-ouest.yncrea.fr', '0', 10061, 5, 2),
('2017-05-29 18:40:48', 'off', '0', 10062, 6, 2),
('2017-05-29 18:40:48', 'FALSE', '0', 10063, 7, 2),
('2017-05-29 18:41:43', 'NULL', '0', 10064, 1, 1),
('2017-05-29 18:41:43', 'NULL', '376', 10065, 2, 1),
('2017-05-29 18:41:43', 'NULL', '64', 10066, 3, 1),
('2017-05-29 18:41:43', 'NULL', '17', 10067, 4, 1),
('2017-05-29 18:41:43', 'Chuck.Norris@isen-ouest.yncrea.fr', '0', 10068, 5, 1),
('2017-05-29 18:41:43', 'off', '0', 10069, 6, 1),
('2017-05-29 18:41:43', 'FALSE', '0', 10070, 7, 1),
('2017-05-29 18:41:48', 'NULL', '0', 10071, 1, 2),
('2017-05-29 18:41:48', 'NULL', '1068', 10072, 2, 2),
('2017-05-29 18:41:48', 'NULL', '48', 10073, 3, 2),
('2017-05-29 18:41:48', 'NULL', '20', 10074, 4, 2),
('2017-05-29 18:41:48', 'Steven.Seagal@isen-ouest.yncrea.fr', '0', 10075, 5, 2),
('2017-05-29 18:41:48', 'off', '0', 10076, 6, 2),
('2017-05-29 18:41:48', 'FALSE', '0', 10077, 7, 2);

--
-- Index pour les tables exportées
--

--
-- Index pour la table `ALERT`
--
ALTER TABLE `ALERT`
  ADD PRIMARY KEY (`ID_ALERT`),
  ADD KEY `FK_ASSOCIATION_10` (`ID_ROOM`),
  ADD KEY `FK_ASSOCIATION_11` (`MAIL_USER`);

--
-- Index pour la table `PHONE`
--
ALTER TABLE `PHONE`
  ADD PRIMARY KEY (`NUMBER`),
  ADD KEY `FK_ASSOCIATION_8` (`MAIL_USER`);

--
-- Index pour la table `ROOM`
--
ALTER TABLE `ROOM`
  ADD PRIMARY KEY (`ID_ROOM`);

--
-- Index pour la table `SENSOR`
--
ALTER TABLE `SENSOR`
  ADD PRIMARY KEY (`ID_SENSOR`),
  ADD KEY `FK_ASSOCIATION_12` (`TYPE`),
  ADD KEY `FK_ASSOCIATION_6` (`MAIL_USER`),
  ADD KEY `FK_ROOM_SENSOR` (`ID_ROOM`);

--
-- Index pour la table `SENSOR_TYPE`
--
ALTER TABLE `SENSOR_TYPE`
  ADD PRIMARY KEY (`TYPE`);

--
-- Index pour la table `USER`
--
ALTER TABLE `USER`
  ADD PRIMARY KEY (`MAIL_USER`);

--
-- Index pour la table `USER_ROOM`
--
ALTER TABLE `USER_ROOM`
  ADD PRIMARY KEY (`ID_ROOM`,`MAIL_USER`),
  ADD KEY `FK_USER_ROOM2` (`MAIL_USER`);

--
-- Index pour la table `USER_SUPERVISOR`
--
ALTER TABLE `USER_SUPERVISOR`
  ADD PRIMARY KEY (`ID_MAIL_CONTACT`),
  ADD KEY `MAIL_USER` (`MAIL_USER`);

--
-- Index pour la table `VALUE`
--
ALTER TABLE `VALUE`
  ADD PRIMARY KEY (`ID_VALUE`),
  ADD KEY `FK_ASSOCIATION_9` (`TYPE`);

--
-- AUTO_INCREMENT pour les tables exportées
--

--
-- AUTO_INCREMENT pour la table `ALERT`
--
ALTER TABLE `ALERT`
  MODIFY `ID_ALERT` int(11) NOT NULL AUTO_INCREMENT, AUTO_INCREMENT=626;
--
-- AUTO_INCREMENT pour la table `SENSOR`
--
ALTER TABLE `SENSOR`
  MODIFY `ID_SENSOR` int(11) NOT NULL AUTO_INCREMENT, AUTO_INCREMENT=16;
--
-- AUTO_INCREMENT pour la table `USER_SUPERVISOR`
--
ALTER TABLE `USER_SUPERVISOR`
  MODIFY `ID_MAIL_CONTACT` int(10) NOT NULL AUTO_INCREMENT, AUTO_INCREMENT=6;
--
-- AUTO_INCREMENT pour la table `VALUE`
--
ALTER TABLE `VALUE`
  MODIFY `ID_VALUE` int(11) NOT NULL AUTO_INCREMENT, AUTO_INCREMENT=10078;
--
-- Contraintes pour les tables exportées
--

--
-- Contraintes pour la table `ALERT`
--
ALTER TABLE `ALERT`
  ADD CONSTRAINT `FK_ASSOCIATION_10` FOREIGN KEY (`ID_ROOM`) REFERENCES `ROOM` (`ID_ROOM`),
  ADD CONSTRAINT `FK_ASSOCIATION_11` FOREIGN KEY (`MAIL_USER`) REFERENCES `USER` (`MAIL_USER`);

--
-- Contraintes pour la table `PHONE`
--
ALTER TABLE `PHONE`
  ADD CONSTRAINT `FK_ASSOCIATION_8` FOREIGN KEY (`MAIL_USER`) REFERENCES `USER` (`MAIL_USER`);

--
-- Contraintes pour la table `SENSOR`
--
ALTER TABLE `SENSOR`
  ADD CONSTRAINT `FK_ASSOCIATION_12` FOREIGN KEY (`TYPE`) REFERENCES `SENSOR_TYPE` (`TYPE`),
  ADD CONSTRAINT `FK_ASSOCIATION_6` FOREIGN KEY (`MAIL_USER`) REFERENCES `USER` (`MAIL_USER`),
  ADD CONSTRAINT `FK_ROOM_SENSOR` FOREIGN KEY (`ID_ROOM`) REFERENCES `ROOM` (`ID_ROOM`);

--
-- Contraintes pour la table `USER_ROOM`
--
ALTER TABLE `USER_ROOM`
  ADD CONSTRAINT `FK_USER_ROOM` FOREIGN KEY (`ID_ROOM`) REFERENCES `ROOM` (`ID_ROOM`),
  ADD CONSTRAINT `FK_USER_ROOM2` FOREIGN KEY (`MAIL_USER`) REFERENCES `USER` (`MAIL_USER`);

--
-- Contraintes pour la table `USER_SUPERVISOR`
--
ALTER TABLE `USER_SUPERVISOR`
  ADD CONSTRAINT `USER_SUPERVISOR_ibfk_1` FOREIGN KEY (`MAIL_USER`) REFERENCES `USER` (`MAIL_USER`);

--
-- Contraintes pour la table `VALUE`
--
ALTER TABLE `VALUE`
  ADD CONSTRAINT `FK_ASSOCIATION_9` FOREIGN KEY (`TYPE`) REFERENCES `SENSOR_TYPE` (`TYPE`);

/*!40101 SET CHARACTER_SET_CLIENT=@OLD_CHARACTER_SET_CLIENT */;
/*!40101 SET CHARACTER_SET_RESULTS=@OLD_CHARACTER_SET_RESULTS */;
/*!40101 SET COLLATION_CONNECTION=@OLD_COLLATION_CONNECTION */;
